algo,n,p,rep,seed,k_used,violations,gap_dsatur,gap_bf,runtime_s
aco,8,0.3,0,308000,3,0,0,0.0,6.3184
bf,8,0.3,0,308000,3,0,0,0.0,0.0017
dsatur,8,0.3,0,308000,3,0,0,0.0,0.0001
ga,8,0.3,0,308000,3,0,0,0.0,0.3552
gae,8,0.3,0,308000,3,0,0,0.0,0.3474
sa,8,0.3,0,308000,3,0,0,0.0,0.059
aco,8,0.3,1,308001,2,0,0,0.0,6.027
bf,8,0.3,1,308001,2,0,0,0.0,0.0001
dsatur,8,0.3,1,308001,2,0,0,0.0,0.0001
ga,8,0.3,1,308001,2,0,0,0.0,0.3336
gae,8,0.3,1,308001,2,0,0,0.0,0.334
sa,8,0.3,1,308001,2,0,0,0.0,0.0544
aco,8,0.3,2,308002,3,0,0,0.0,6.2987
bf,8,0.3,2,308002,3,0,0,0.0,0.0012
dsatur,8,0.3,2,308002,3,0,0,0.0,0.0
ga,8,0.3,2,308002,3,0,0,0.0,0.3438
gae,8,0.3,2,308002,3,0,0,0.0,0.3475
sa,8,0.3,2,308002,3,0,0,0.0,0.0588
aco,8,0.3,3,308003,2,0,0,0.0,6.2106
bf,8,0.3,3,308003,2,0,0,0.0,0.0001
dsatur,8,0.3,3,308003,2,0,0,0.0,0.0001
ga,8,0.3,3,308003,2,0,0,0.0,0.3466
gae,8,0.3,3,308003,2,0,0,0.0,0.3487
sa,8,0.3,3,308003,2,0,0,0.0,0.0602
aco,8,0.3,4,308004,3,0,1,1.0,6.1374
bf,8,0.3,4,308004,2,0,0,0.0,0.0
dsatur,8,0.3,4,308004,2,0,0,0.0,0.0
ga,8,0.3,4,308004,2,0,0,0.0,0.3316
gae,8,0.3,4,308004,2,0,0,0.0,0.3379
sa,8,0.3,4,308004,2,0,0,0.0,0.0552
aco,8,0.3,5,308005,3,0,1,1.0,6.0672
bf,8,0.3,5,308005,2,0,0,0.0,0.0001
dsatur,8,0.3,5,308005,2,0,0,0.0,0.0001
ga,8,0.3,5,308005,2,0,0,0.0,0.3311
gae,8,0.3,5,308005,3,0,1,1.0,0.336
sa,8,0.3,5,308005,3,0,1,1.0,0.0551
aco,8,0.3,6,308006,3,0,0,0.0,6.2047
bf,8,0.3,6,308006,3,0,0,0.0,0.0008
dsatur,8,0.3,6,308006,3,0,0,0.0,0.0
ga,8,0.3,6,308006,3,0,0,0.0,0.3429
gae,8,0.3,6,308006,3,0,0,0.0,0.3469
sa,8,0.3,6,308006,3,0,0,0.0,0.0582
aco,8,0.3,7,308007,3,0,0,0.0,6.1441
bf,8,0.3,7,308007,3,0,0,0.0,0.0005
dsatur,8,0.3,7,308007,3,0,0,0.0,0.0
ga,8,0.3,7,308007,3,0,0,0.0,0.3393
gae,8,0.3,7,308007,3,0,0,0.0,0.3436
sa,8,0.3,7,308007,3,0,0,0.0,0.0577
aco,8,0.3,8,308008,2,0,0,0.0,6.0413
bf,8,0.3,8,308008,2,0,0,0.0,0.0001
dsatur,8,0.3,8,308008,2,0,0,0.0,0.0
ga,8,0.3,8,308008,2,0,0,0.0,0.3341
gae,8,0.3,8,308008,2,0,0,0.0,0.3355
sa,8,0.3,8,308008,2,0,0,0.0,0.0557
aco,8,0.3,9,308009,3,0,0,0.0,6.4483
bf,8,0.3,9,308009,3,0,0,0.0,0.0007
dsatur,8,0.3,9,308009,3,0,0,0.0,0.0
ga,8,0.3,9,308009,3,0,0,0.0,0.3506
gae,8,0.3,9,308009,3,0,0,0.0,0.3522
sa,8,0.3,9,308009,3,0,0,0.0,0.0595
aco,8,0.3,10,308010,2,0,0,0.0,6.0809
bf,8,0.3,10,308010,2,0,0,0.0,0.0001
dsatur,8,0.3,10,308010,2,0,0,0.0,0.0001
ga,8,0.3,10,308010,2,0,0,0.0,0.3351
gae,8,0.3,10,308010,2,0,0,0.0,0.3387
sa,8,0.3,10,308010,3,0,1,1.0,0.056
aco,8,0.3,11,308011,3,0,0,0.0,6.2186
bf,8,0.3,11,308011,3,0,0,0.0,0.0005
dsatur,8,0.3,11,308011,3,0,0,0.0,0.0001
ga,8,0.3,11,308011,3,0,0,0.0,0.3476
gae,8,0.3,11,308011,3,0,0,0.0,0.3502
sa,8,0.3,11,308011,3,0,0,0.0,0.0589
aco,8,0.3,12,308012,3,0,0,0.0,6.0795
bf,8,0.3,12,308012,3,0,0,0.0,0.0007
dsatur,8,0.3,12,308012,3,0,0,0.0,0.0
ga,8,0.3,12,308012,3,0,0,0.0,0.3342
gae,8,0.3,12,308012,3,0,0,0.0,0.3451
sa,8,0.3,12,308012,3,0,0,0.0,0.0565
aco,8,0.3,13,308013,3,0,0,0.0,6.1933
bf,8,0.3,13,308013,3,0,0,0.0,0.0006
dsatur,8,0.3,13,308013,3,0,0,0.0,0.0
ga,8,0.3,13,308013,3,0,0,0.0,0.3417
gae,8,0.3,13,308013,3,0,0,0.0,0.346
sa,8,0.3,13,308013,3,0,0,0.0,0.0585
aco,8,0.3,14,308014,3,0,0,0.0,6.1941
bf,8,0.3,14,308014,3,0,0,0.0,0.0004
dsatur,8,0.3,14,308014,3,0,0,0.0,0.0
ga,8,0.3,14,308014,3,0,0,0.0,0.3417
gae,8,0.3,14,308014,3,0,0,0.0,0.3449
sa,8,0.3,14,308014,3,0,0,0.0,0.058
aco,8,0.3,15,308015,3,0,0,0.0,6.2477
bf,8,0.3,15,308015,3,0,0,0.0,0.0012
dsatur,8,0.3,15,308015,3,0,0,0.0,0.0
ga,8,0.3,15,308015,3,0,0,0.0,0.3542
gae,8,0.3,15,308015,3,0,0,0.0,0.3491
sa,8,0.3,15,308015,3,0,0,0.0,0.058
aco,8,0.3,16,308016,3,0,0,0.0,6.1201
bf,8,0.3,16,308016,3,0,0,0.0,0.0004
dsatur,8,0.3,16,308016,3,0,0,0.0,0.0
ga,8,0.3,16,308016,3,0,0,0.0,0.3385
gae,8,0.3,16,308016,3,0,0,0.0,0.3419
sa,8,0.3,16,308016,3,0,0,0.0,0.0574
aco,8,0.3,17,308017,3,0,0,0.0,6.0698
bf,8,0.3,17,308017,3,0,0,0.0,0.0007
dsatur,8,0.3,17,308017,3,0,0,0.0,0.0
ga,8,0.3,17,308017,3,0,0,0.0,0.3389
gae,8,0.3,17,308017,3,0,0,0.0,0.343
sa,8,0.3,17,308017,3,0,0,0.0,0.0566
aco,8,0.3,18,308018,3,0,0,0.0,6.2058
bf,8,0.3,18,308018,3,0,0,0.0,0.0007
dsatur,8,0.3,18,308018,3,0,0,0.0,0.0001
ga,8,0.3,18,308018,3,0,0,0.0,0.3447
gae,8,0.3,18,308018,3,0,0,0.0,0.3458
sa,8,0.3,18,308018,3,0,0,0.0,0.0595
aco,8,0.3,19,308019,3,0,0,0.0,6.2331
bf,8,0.3,19,308019,3,0,0,0.0,0.0008
dsatur,8,0.3,19,308019,3,0,0,0.0,0.0
ga,8,0.3,19,308019,3,0,0,0.0,0.3513
gae,8,0.3,19,308019,3,0,0,0.0,0.3522
sa,8,0.3,19,308019,3,0,0,0.0,0.06
aco,8,0.5,0,508000,4,0,0,0.0,6.3429
bf,8,0.5,0,508000,4,0,0,0.0,0.0157
dsatur,8,0.5,0,508000,4,0,0,0.0,0.0
ga,8,0.5,0,508000,4,0,0,0.0,0.3517
gae,8,0.5,0,508000,4,0,0,0.0,0.3539
sa,8,0.5,0,508000,4,0,0,0.0,0.0596
aco,8,0.5,1,508001,4,0,0,0.0,6.5201
bf,8,0.5,1,508001,4,0,0,0.0,0.0146
dsatur,8,0.5,1,508001,4,0,0,0.0,0.0
ga,8,0.5,1,508001,4,0,0,0.0,0.3733
gae,8,0.5,1,508001,4,0,0,0.0,0.3502
sa,8,0.5,1,508001,4,0,0,0.0,0.0624
aco,8,0.5,2,508002,4,0,0,0.0,6.4374
bf,8,0.5,2,508002,4,0,0,0.0,0.0105
dsatur,8,0.5,2,508002,4,0,0,0.0,0.0001
ga,8,0.5,2,508002,4,0,0,0.0,0.3661
gae,8,0.5,2,508002,4,0,0,0.0,0.3658
sa,8,0.5,2,508002,4,0,0,0.0,0.0626
aco,8,0.5,3,508003,3,0,0,0.0,6.2788
bf,8,0.5,3,508003,3,0,0,0.0,0.0013
dsatur,8,0.5,3,508003,3,0,0,0.0,0.0
ga,8,0.5,3,508003,3,0,0,0.0,0.3538
gae,8,0.5,3,508003,3,0,0,0.0,0.3549
sa,8,0.5,3,508003,3,0,0,0.0,0.0599
aco,8,0.5,4,508004,4,0,0,0.0,6.3385
bf,8,0.5,4,508004,4,0,0,0.0,0.0138
dsatur,8,0.5,4,508004,4,0,0,0.0,0.0
ga,8,0.5,4,508004,4,0,0,0.0,0.3545
gae,8,0.5,4,508004,4,0,0,0.0,0.3561
sa,8,0.5,4,508004,4,0,0,0.0,0.0609
aco,8,0.5,5,508005,4,0,0,0.0,6.3915
bf,8,0.5,5,508005,4,0,0,0.0,0.0136
dsatur,8,0.5,5,508005,4,0,0,0.0,0.0
ga,8,0.5,5,508005,4,0,0,0.0,0.3597
gae,8,0.5,5,508005,4,0,0,0.0,0.3597
sa,8,0.5,5,508005,4,0,0,0.0,0.0619
aco,8,0.5,6,508006,3,0,0,0.0,6.2354
bf,8,0.5,6,508006,3,0,0,0.0,0.0017
dsatur,8,0.5,6,508006,3,0,0,0.0,0.0
ga,8,0.5,6,508006,3,0,0,0.0,0.346
gae,8,0.5,6,508006,3,0,0,0.0,0.3487
sa,8,0.5,6,508006,4,0,1,1.0,0.0597
aco,8,0.5,7,508007,3,0,0,0.0,6.3818
bf,8,0.5,7,508007,3,0,0,0.0,0.0012
dsatur,8,0.5,7,508007,3,0,0,0.0,0.0001
ga,8,0.5,7,508007,3,0,0,0.0,0.3597
gae,8,0.5,7,508007,3,0,0,0.0,0.3624
sa,8,0.5,7,508007,3,0,0,0.0,0.0615
aco,8,0.5,8,508008,3,0,0,0.0,6.3216
bf,8,0.5,8,508008,3,0,0,0.0,0.0009
dsatur,8,0.5,8,508008,3,0,0,0.0,0.0
ga,8,0.5,8,508008,3,0,0,0.0,0.3551
gae,8,0.5,8,508008,3,0,0,0.0,0.3585
sa,8,0.5,8,508008,3,0,0,0.0,0.0608
aco,8,0.5,9,508009,4,0,0,0.0,6.3636
bf,8,0.5,9,508009,4,0,0,0.0,0.0145
dsatur,8,0.5,9,508009,4,0,0,0.0,0.0
ga,8,0.5,9,508009,4,0,0,0.0,0.3597
gae,8,0.5,9,508009,4,0,0,0.0,0.3602
sa,8,0.5,9,508009,4,0,0,0.0,0.0617
aco,8,0.5,10,508010,4,0,0,0.0,6.3433
bf,8,0.5,10,508010,4,0,0,0.0,0.0107
dsatur,8,0.5,10,508010,4,0,0,0.0,0.0
ga,8,0.5,10,508010,4,0,0,0.0,0.3616
gae,8,0.5,10,508010,4,0,0,0.0,0.3614
sa,8,0.5,10,508010,4,0,0,0.0,0.0614
aco,8,0.5,11,508011,4,0,0,0.0,6.2387
bf,8,0.5,11,508011,4,0,0,0.0,0.0138
dsatur,8,0.5,11,508011,4,0,0,0.0,0.0
ga,8,0.5,11,508011,4,0,0,0.0,0.3495
gae,8,0.5,11,508011,4,0,0,0.0,0.3527
sa,8,0.5,11,508011,4,0,0,0.0,0.0596
aco,8,0.5,12,508012,3,0,0,0.0,6.2889
bf,8,0.5,12,508012,3,0,0,0.0,0.0018
dsatur,8,0.5,12,508012,3,0,0,0.0,0.0001
ga,8,0.5,12,508012,3,0,0,0.0,0.3565
gae,8,0.5,12,508012,3,0,0,0.0,0.3597
sa,8,0.5,12,508012,3,0,0,0.0,0.0606
aco,8,0.5,13,508013,5,0,0,0.0,6.4453
bf,8,0.5,13,508013,5,0,0,0.0,0.0999
dsatur,8,0.5,13,508013,5,0,0,0.0,0.0
ga,8,0.5,13,508013,5,0,0,0.0,0.3694
gae,8,0.5,13,508013,5,0,0,0.0,0.3685
sa,8,0.5,13,508013,5,0,0,0.0,0.0633
aco,8,0.5,14,508014,3,0,0,0.0,6.1986
bf,8,0.5,14,508014,3,0,0,0.0,0.0005
dsatur,8,0.5,14,508014,3,0,0,0.0,0.0
ga,8,0.5,14,508014,3,0,0,0.0,0.3458
gae,8,0.5,14,508014,3,0,0,0.0,0.3482
sa,8,0.5,14,508014,3,0,0,0.0,0.0603
aco,8,0.5,15,508015,3,0,0,0.0,6.3057
bf,8,0.5,15,508015,3,0,0,0.0,0.0009
dsatur,8,0.5,15,508015,3,0,0,0.0,0.0001
ga,8,0.5,15,508015,3,0,0,0.0,0.3658
gae,8,0.5,15,508015,3,0,0,0.0,0.3569
sa,8,0.5,15,508015,3,0,0,0.0,0.0604
aco,8,0.5,16,508016,4,0,0,0.0,6.4819
bf,8,0.5,16,508016,4,0,0,0.0,0.0103
dsatur,8,0.5,16,508016,4,0,0,0.0,0.0
ga,8,0.5,16,508016,4,0,0,0.0,0.3578
gae,8,0.5,16,508016,4,0,0,0.0,0.3644
sa,8,0.5,16,508016,4,0,0,0.0,0.0611
aco,8,0.5,17,508017,4,0,0,0.0,6.2774
bf,8,0.5,17,508017,4,0,0,0.0,0.0142
dsatur,8,0.5,17,508017,4,0,0,0.0,0.0001
ga,8,0.5,17,508017,4,0,0,0.0,0.3513
gae,8,0.5,17,508017,4,0,0,0.0,0.3549
sa,8,0.5,17,508017,4,0,0,0.0,0.0601
aco,8,0.5,18,508018,3,0,-1,0.0,6.323
bf,8,0.5,18,508018,3,0,-1,0.0,0.0008
dsatur,8,0.5,18,508018,4,0,0,1.0,0.0
ga,8,0.5,18,508018,3,0,-1,0.0,0.3536
gae,8,0.5,18,508018,3,0,-1,0.0,0.3565
sa,8,0.5,18,508018,3,0,-1,0.0,0.0605
aco,8,0.5,19,508019,4,0,0,0.0,6.4335
bf,8,0.5,19,508019,4,0,0,0.0,0.0159
dsatur,8,0.5,19,508019,4,0,0,0.0,0.0001
ga,8,0.5,19,508019,4,0,0,0.0,0.3645
gae,8,0.5,19,508019,4,0,0,0.0,0.367
sa,8,0.5,19,508019,4,0,0,0.0,0.0627
aco,8,0.7,0,708000,5,0,0,0.0,6.6276
bf,8,0.7,0,708000,5,0,0,0.0,0.1244
dsatur,8,0.7,0,708000,5,0,0,0.0,0.0
ga,8,0.7,0,708000,5,0,0,0.0,0.3934
gae,8,0.7,0,708000,5,0,0,0.0,0.3795
sa,8,0.7,0,708000,5,0,0,0.0,0.0655
aco,8,0.7,1,708001,5,0,0,0.0,6.5368
bf,8,0.7,1,708001,5,0,0,0.0,0.1225
dsatur,8,0.7,1,708001,5,0,0,0.0,0.0
ga,8,0.7,1,708001,5,0,0,0.0,0.3762
gae,8,0.7,1,708001,5,0,0,0.0,0.3757
sa,8,0.7,1,708001,5,0,0,0.0,0.0641
aco,8,0.7,2,708002,5,0,0,0.0,6.5831
bf,8,0.7,2,708002,5,0,0,0.0,0.1244
dsatur,8,0.7,2,708002,5,0,0,0.0,0.0
ga,8,0.7,2,708002,5,0,0,0.0,0.377
gae,8,0.7,2,708002,5,0,0,0.0,0.3763
sa,8,0.7,2,708002,5,0,0,0.0,0.0658
aco,8,0.7,3,708003,4,0,0,0.0,6.3755
bf,8,0.7,3,708003,4,0,0,0.0,0.0163
dsatur,8,0.7,3,708003,4,0,0,0.0,0.0001
ga,8,0.7,3,708003,4,0,0,0.0,0.3589
gae,8,0.7,3,708003,4,0,0,0.0,0.3596
sa,8,0.7,3,708003,4,0,0,0.0,0.0622
aco,8,0.7,4,708004,5,0,0,0.0,6.5822
bf,8,0.7,4,708004,5,0,0,0.0,0.1231
dsatur,8,0.7,4,708004,5,0,0,0.0,0.0
ga,8,0.7,4,708004,5,0,0,0.0,0.3776
gae,8,0.7,4,708004,5,0,0,0.0,0.3785
sa,8,0.7,4,708004,5,0,0,0.0,0.0642
aco,8,0.7,5,708005,4,0,0,0.0,6.4209
bf,8,0.7,5,708005,4,0,0,0.0,0.0108
dsatur,8,0.7,5,708005,4,0,0,0.0,0.0
ga,8,0.7,5,708005,4,0,0,0.0,0.3638
gae,8,0.7,5,708005,4,0,0,0.0,0.3649
sa,8,0.7,5,708005,4,0,0,0.0,0.0623
aco,8,0.7,6,708006,5,0,0,0.0,6.5735
bf,8,0.7,6,708006,5,0,0,0.0,0.1156
dsatur,8,0.7,6,708006,5,0,0,0.0,0.0001
ga,8,0.7,6,708006,5,0,0,0.0,0.3794
gae,8,0.7,6,708006,5,0,0,0.0,0.3781
sa,8,0.7,6,708006,5,0,0,0.0,0.0652
aco,8,0.7,7,708007,4,0,0,0.0,6.4212
bf,8,0.7,7,708007,4,0,0,0.0,0.0167
dsatur,8,0.7,7,708007,4,0,0,0.0,0.0
ga,8,0.7,7,708007,4,0,0,0.0,0.3677
gae,8,0.7,7,708007,4,0,0,0.0,0.3676
sa,8,0.7,7,708007,4,0,0,0.0,0.063
aco,8,0.7,8,708008,6,0,0,0.0,6.6797
bf,8,0.7,8,708008,6,0,0,0.0,0.7066
dsatur,8,0.7,8,708008,6,0,0,0.0,0.0001
ga,8,0.7,8,708008,6,0,0,0.0,0.386
gae,8,0.7,8,708008,6,0,0,0.0,0.384
sa,8,0.7,8,708008,6,0,0,0.0,0.0661
aco,8,0.7,9,708009,4,0,0,0.0,6.4304
bf,8,0.7,9,708009,4,0,0,0.0,0.0164
dsatur,8,0.7,9,708009,4,0,0,0.0,0.0001
ga,8,0.7,9,708009,4,0,0,0.0,0.3616
gae,8,0.7,9,708009,4,0,0,0.0,0.3615
sa,8,0.7,9,708009,4,0,0,0.0,0.062
aco,8,0.7,10,708010,6,0,0,0.0,6.5956
bf,8,0.7,10,708010,6,0,0,0.0,0.7187
dsatur,8,0.7,10,708010,6,0,0,0.0,0.0
ga,8,0.7,10,708010,6,0,0,0.0,0.3779
gae,8,0.7,10,708010,6,0,0,0.0,0.3766
sa,8,0.7,10,708010,6,0,0,0.0,0.0653
aco,8,0.7,11,708011,4,0,0,0.0,6.4577
bf,8,0.7,11,708011,4,0,0,0.0,0.0093
dsatur,8,0.7,11,708011,4,0,0,0.0,0.0
ga,8,0.7,11,708011,4,0,0,0.0,0.3685
gae,8,0.7,11,708011,4,0,0,0.0,0.3696
sa,8,0.7,11,708011,4,0,0,0.0,0.0629
aco,8,0.7,12,708012,5,0,0,0.0,6.4727
bf,8,0.7,12,708012,5,0,0,0.0,0.1008
dsatur,8,0.7,12,708012,5,0,0,0.0,0.0001
ga,8,0.7,12,708012,5,0,0,0.0,0.3688
gae,8,0.7,12,708012,5,0,0,0.0,0.3689
sa,8,0.7,12,708012,5,0,0,0.0,0.0632
aco,8,0.7,13,708013,4,0,0,0.0,6.3814
bf,8,0.7,13,708013,4,0,0,0.0,0.0136
dsatur,8,0.7,13,708013,4,0,0,0.0,0.0
ga,8,0.7,13,708013,4,0,0,0.0,0.3636
gae,8,0.7,13,708013,4,0,0,0.0,0.362
sa,8,0.7,13,708013,4,0,0,0.0,0.0613
aco,8,0.7,14,708014,4,0,0,0.0,6.6192
bf,8,0.7,14,708014,4,0,0,0.0,0.0172
dsatur,8,0.7,14,708014,4,0,0,0.0,0.0
ga,8,0.7,14,708014,4,0,0,0.0,0.3768
gae,8,0.7,14,708014,4,0,0,0.0,0.3734
sa,8,0.7,14,708014,4,0,0,0.0,0.0655
aco,8,0.7,15,708015,4,0,0,0.0,6.408
bf,8,0.7,15,708015,4,0,0,0.0,0.0153
dsatur,8,0.7,15,708015,4,0,0,0.0,0.0
ga,8,0.7,15,708015,4,0,0,0.0,0.3619
gae,8,0.7,15,708015,4,0,0,0.0,0.3625
sa,8,0.7,15,708015,4,0,0,0.0,0.0623
aco,8,0.7,16,708016,5,0,0,0.0,6.5375
bf,8,0.7,16,708016,5,0,0,0.0,0.1225
dsatur,8,0.7,16,708016,5,0,0,0.0,0.0
ga,8,0.7,16,708016,5,0,0,0.0,0.3738
gae,8,0.7,16,708016,5,0,0,0.0,0.3708
sa,8,0.7,16,708016,5,0,0,0.0,0.0639
aco,8,0.7,17,708017,4,0,0,0.0,6.5065
bf,8,0.7,17,708017,4,0,0,0.0,0.0154
dsatur,8,0.7,17,708017,4,0,0,0.0,0.0
ga,8,0.7,17,708017,4,0,0,0.0,0.371
gae,8,0.7,17,708017,4,0,0,0.0,0.3711
sa,8,0.7,17,708017,4,0,0,0.0,0.0638
aco,8,0.7,18,708018,3,0,0,0.0,6.4478
bf,8,0.7,18,708018,3,0,0,0.0,0.0012
dsatur,8,0.7,18,708018,3,0,0,0.0,0.0
ga,8,0.7,18,708018,3,0,0,0.0,0.367
gae,8,0.7,18,708018,3,0,0,0.0,0.3665
sa,8,0.7,18,708018,3,0,0,0.0,0.0624
aco,8,0.7,19,708019,5,0,0,0.0,6.7017
bf,8,0.7,19,708019,5,0,0,0.0,0.1232
dsatur,8,0.7,19,708019,5,0,0,0.0,0.0
ga,8,0.7,19,708019,5,0,0,0.0,0.3839
gae,8,0.7,19,708019,5,0,0,0.0,0.3815
sa,8,0.7,19,708019,5,0,0,0.0,0.0655
aco,10,0.3,0,310000,3,0,0,0.0,7.7131
bf,10,0.3,0,310000,3,0,0,0.0,0.0023
dsatur,10,0.3,0,310000,3,0,0,0.0,0.0001
ga,10,0.3,0,310000,3,0,0,0.0,0.3738
gae,10,0.3,0,310000,3,0,0,0.0,0.3779
sa,10,0.3,0,310000,3,0,0,0.0,0.0721
aco,10,0.3,1,310001,3,0,0,0.0,7.8279
bf,10,0.3,1,310001,3,0,0,0.0,0.0098
dsatur,10,0.3,1,310001,3,0,0,0.0,0.0001
ga,10,0.3,1,310001,3,0,0,0.0,0.3827
gae,10,0.3,1,310001,3,0,0,0.0,0.3827
sa,10,0.3,1,310001,4,0,1,1.0,0.0735
aco,10,0.3,2,310002,4,0,0,0.0,7.8667
bf,10,0.3,2,310002,4,0,0,0.0,0.1116
dsatur,10,0.3,2,310002,4,0,0,0.0,0.0001
ga,10,0.3,2,310002,4,0,0,0.0,0.3815
gae,10,0.3,2,310002,4,0,0,0.0,0.4054
sa,10,0.3,2,310002,4,0,0,0.0,0.0731
aco,10,0.3,3,310003,3,0,0,0.0,7.9574
bf,10,0.3,3,310003,3,0,0,0.0,0.009
dsatur,10,0.3,3,310003,3,0,0,0.0,0.0001
ga,10,0.3,3,310003,3,0,0,0.0,0.368
gae,10,0.3,3,310003,3,0,0,0.0,0.3682
sa,10,0.3,3,310003,4,0,1,1.0,0.0724
aco,10,0.3,4,310004,3,0,0,0.0,8.0528
bf,10,0.3,4,310004,3,0,0,0.0,0.0027
dsatur,10,0.3,4,310004,3,0,0,0.0,0.0001
ga,10,0.3,4,310004,3,0,0,0.0,0.3798
gae,10,0.3,4,310004,4,0,1,1.0,0.6116
sa,10,0.3,4,310004,4,0,1,1.0,0.074
aco,10,0.3,5,310005,3,0,0,0.0,8.1962
bf,10,0.3,5,310005,3,0,0,0.0,0.0027
dsatur,10,0.3,5,310005,3,0,0,0.0,0.0001
ga,10,0.3,5,310005,3,0,0,0.0,0.3724
gae,10,0.3,5,310005,4,0,1,1.0,0.3739
sa,10,0.3,5,310005,4,0,1,1.0,0.0729
aco,10,0.3,6,310006,3,0,0,0.0,7.9334
bf,10,0.3,6,310006,3,0,0,0.0,0.0026
dsatur,10,0.3,6,310006,3,0,0,0.0,0.0001
ga,10,0.3,6,310006,3,0,0,0.0,0.3726
gae,10,0.3,6,310006,3,0,0,0.0,0.3774
sa,10,0.3,6,310006,4,0,1,1.0,0.2361
aco,10,0.3,7,310007,4,0,1,1.0,8.2867
bf,10,0.3,7,310007,3,0,0,0.0,0.0179
dsatur,10,0.3,7,310007,3,0,0,0.0,0.0001
ga,10,0.3,7,310007,3,0,0,0.0,0.3869
gae,10,0.3,7,310007,3,0,0,0.0,0.3756
sa,10,0.3,7,310007,4,0,1,1.0,0.0729
aco,10,0.3,8,310008,4,0,1,1.0,8.1332
bf,10,0.3,8,310008,3,0,0,0.0,0.0029
dsatur,10,0.3,8,310008,3,0,0,0.0,0.0001
ga,10,0.3,8,310008,3,0,0,0.0,0.3732
gae,10,0.3,8,310008,4,0,1,1.0,0.376
sa,10,0.3,8,310008,4,0,1,1.0,0.0722
aco,10,0.3,9,310009,3,0,0,0.0,8.0249
bf,10,0.3,9,310009,3,0,0,0.0,0.0018
dsatur,10,0.3,9,310009,3,0,0,0.0,0.0001
ga,10,0.3,9,310009,4,0,1,1.0,0.3764
gae,10,0.3,9,310009,3,0,0,0.0,0.3793
sa,10,0.3,9,310009,3,0,0,0.0,0.0738
aco,10,0.3,10,310010,3,0,0,0.0,8.172
bf,10,0.3,10,310010,3,0,0,0.0,0.0095
dsatur,10,0.3,10,310010,3,0,0,0.0,0.0001
ga,10,0.3,10,310010,4,0,1,1.0,0.3817
gae,10,0.3,10,310010,3,0,0,0.0,0.3802
sa,10,0.3,10,310010,4,0,1,1.0,0.073
aco,10,0.3,11,310011,4,0,0,0.0,8.1783
bf,10,0.3,11,310011,4,0,0,0.0,0.0871
dsatur,10,0.3,11,310011,4,0,0,0.0,0.0001
ga,10,0.3,11,310011,4,0,0,0.0,0.3821
gae,10,0.3,11,310011,4,0,0,0.0,0.3806
sa,10,0.3,11,310011,4,0,0,0.0,0.074
aco,10,0.3,12,310012,3,0,0,0.0,8.0313
bf,10,0.3,12,310012,3,0,0,0.0,0.0113
dsatur,10,0.3,12,310012,3,0,0,0.0,0.0001
ga,10,0.3,12,310012,3,0,0,0.0,0.3764
gae,10,0.3,12,310012,3,0,0,0.0,0.3749
sa,10,0.3,12,310012,4,0,1,1.0,0.0728
aco,10,0.3,13,310013,3,0,0,0.0,7.6253
bf,10,0.3,13,310013,3,0,0,0.0,0.0017
dsatur,10,0.3,13,310013,3,0,0,0.0,0.0001
ga,10,0.3,13,310013,3,0,0,0.0,0.5225
gae,10,0.3,13,310013,3,0,0,0.0,0.3649
sa,10,0.3,13,310013,3,0,0,0.0,0.0697
aco,10,0.3,14,310014,3,0,0,0.0,8.0823
bf,10,0.3,14,310014,3,0,0,0.0,0.0016
dsatur,10,0.3,14,310014,3,0,0,0.0,0.0001
ga,10,0.3,14,310014,3,0,0,0.0,0.5145
gae,10,0.3,14,310014,3,0,0,0.0,0.4286
sa,10,0.3,14,310014,3,0,0,0.0,0.0717
aco,10,0.3,15,310015,3,0,0,0.0,7.9124
bf,10,0.3,15,310015,3,0,0,0.0,0.0026
dsatur,10,0.3,15,310015,3,0,0,0.0,0.0001
ga,10,0.3,15,310015,3,0,0,0.0,0.3593
gae,10,0.3,15,310015,3,0,0,0.0,0.3637
sa,10,0.3,15,310015,3,0,0,0.0,0.0701
aco,10,0.3,16,310016,4,0,0,0.0,8.1497
bf,10,0.3,16,310016,4,0,0,0.0,0.1735
dsatur,10,0.3,16,310016,4,0,0,0.0,0.0001
ga,10,0.3,16,310016,4,0,0,0.0,0.3862
gae,10,0.3,16,310016,4,0,0,0.0,0.3857
sa,10,0.3,16,310016,4,0,0,0.0,0.0741
aco,10,0.3,17,310017,3,0,0,0.0,7.7659
bf,10,0.3,17,310017,3,0,0,0.0,0.0053
dsatur,10,0.3,17,310017,3,0,0,0.0,0.0001
ga,10,0.3,17,310017,3,0,0,0.0,0.3769
gae,10,0.3,17,310017,3,0,0,0.0,0.3772
sa,10,0.3,17,310017,4,0,1,1.0,0.0726
aco,10,0.3,18,310018,3,0,0,0.0,7.646
bf,10,0.3,18,310018,3,0,0,0.0,0.0117
dsatur,10,0.3,18,310018,3,0,0,0.0,0.0001
ga,10,0.3,18,310018,3,0,0,0.0,0.3738
gae,10,0.3,18,310018,3,0,0,0.0,0.376
sa,10,0.3,18,310018,3,0,0,0.0,0.0839
aco,10,0.3,19,310019,3,0,0,0.0,7.9187
bf,10,0.3,19,310019,3,0,0,0.0,0.0031
dsatur,10,0.3,19,310019,3,0,0,0.0,0.0001
ga,10,0.3,19,310019,3,0,0,0.0,0.3712
gae,10,0.3,19,310019,3,0,0,0.0,0.3658
sa,10,0.3,19,310019,3,0,0,0.0,0.0709
aco,10,0.5,0,510000,4,0,0,0.0,8.535
bf,10,0.5,0,510000,4,0,0,0.0,0.2027
dsatur,10,0.5,0,510000,4,0,0,0.0,0.0001
ga,10,0.5,0,510000,4,0,0,0.0,0.389
gae,10,0.5,0,510000,4,0,0,0.0,0.3897
sa,10,0.5,0,510000,5,0,1,1.0,0.0758
aco,10,0.5,1,510001,4,0,1,1.0,9.4356
bf,10,0.5,1,510001,3,0,0,0.0,0.0099
dsatur,10,0.5,1,510001,3,0,0,0.0,0.0001
ga,10,0.5,1,510001,3,0,0,0.0,0.3929
gae,10,0.5,1,510001,5,0,2,2.0,0.3941
sa,10,0.5,1,510001,4,0,1,1.0,0.0776
aco,10,0.5,2,510002,4,0,0,0.0,9.7798
bf,10,0.5,2,510002,4,0,0,0.0,0.1728
dsatur,10,0.5,2,510002,4,0,0,0.0,0.0001
ga,10,0.5,2,510002,4,0,0,0.0,0.393
gae,10,0.5,2,510002,4,0,0,0.0,0.4019
sa,10,0.5,2,510002,5,0,1,1.0,0.0757
aco,10,0.5,3,510003,4,0,0,0.0,8.7002
bf,10,0.5,3,510003,4,0,0,0.0,0.1877
dsatur,10,0.5,3,510003,4,0,0,0.0,0.0001
ga,10,0.5,3,510003,4,0,0,0.0,0.4124
gae,10,0.5,3,510003,5,0,1,1.0,0.4079
sa,10,0.5,3,510003,4,0,0,0.0,0.0794
aco,10,0.5,4,510004,4,0,0,0.0,8.5234
bf,10,0.5,4,510004,4,0,0,0.0,0.2007
dsatur,10,0.5,4,510004,4,0,0,0.0,0.0001
ga,10,0.5,4,510004,4,0,0,0.0,0.3958
gae,10,0.5,4,510004,4,0,0,0.0,0.3941
sa,10,0.5,4,510004,5,0,1,1.0,0.0784
aco,10,0.5,5,510005,4,0,0,0.0,8.6794
bf,10,0.5,5,510005,4,0,0,0.0,0.103
dsatur,10,0.5,5,510005,4,0,0,0.0,0.0001
ga,10,0.5,5,510005,4,0,0,0.0,0.3943
gae,10,0.5,5,510005,4,0,0,0.0,0.3942
sa,10,0.5,5,510005,4,0,0,0.0,0.0778
aco,10,0.5,6,510006,4,0,0,0.0,8.3323
bf,10,0.5,6,510006,4,0,0,0.0,0.1274
dsatur,10,0.5,6,510006,4,0,0,0.0,0.0001
ga,10,0.5,6,510006,4,0,0,0.0,0.4193
gae,10,0.5,6,510006,4,0,0,0.0,0.3991
sa,10,0.5,6,510006,4,0,0,0.0,0.0776
aco,10,0.5,7,510007,3,0,0,0.0,8.2071
bf,10,0.5,7,510007,3,0,0,0.0,0.0117
dsatur,10,0.5,7,510007,3,0,0,0.0,0.0001
ga,10,0.5,7,510007,3,0,0,0.0,0.3869
gae,10,0.5,7,510007,3,0,0,0.0,0.3898
sa,10,0.5,7,510007,4,0,1,1.0,0.0753
aco,10,0.5,8,510008,4,0,0,0.0,8.7307
bf,10,0.5,8,510008,4,0,0,0.0,0.2357
dsatur,10,0.5,8,510008,4,0,0,0.0,0.0001
ga,10,0.5,8,510008,4,0,0,0.0,0.4114
gae,10,0.5,8,510008,5,0,1,1.0,0.4047
sa,10,0.5,8,510008,5,0,1,1.0,0.0775
aco,10,0.5,9,510009,4,0,0,0.0,8.1625
bf,10,0.5,9,510009,4,0,0,0.0,0.0866
dsatur,10,0.5,9,510009,4,0,0,0.0,0.0001
ga,10,0.5,9,510009,4,0,0,0.0,0.3957
gae,10,0.5,9,510009,4,0,0,0.0,0.3927
sa,10,0.5,9,510009,4,0,0,0.0,0.0755
aco,10,0.5,10,510010,4,0,0,0.0,8.2198
bf,10,0.5,10,510010,4,0,0,0.0,0.1773
dsatur,10,0.5,10,510010,4,0,0,0.0,0.0001
ga,10,0.5,10,510010,4,0,0,0.0,0.3931
gae,10,0.5,10,510010,4,0,0,0.0,0.3917
sa,10,0.5,10,510010,4,0,0,0.0,0.0762
aco,10,0.5,11,510011,4,0,0,0.0,8.5165
bf,10,0.5,11,510011,4,0,0,0.0,0.1082
dsatur,10,0.5,11,510011,4,0,0,0.0,0.0001
ga,10,0.5,11,510011,4,0,0,0.0,0.3889
gae,10,0.5,11,510011,4,0,0,0.0,0.3901
sa,10,0.5,11,510011,4,0,0,0.0,0.086
aco,10,0.5,12,510012,4,0,0,0.0,8.7516
bf,10,0.5,12,510012,4,0,0,0.0,0.1747
dsatur,10,0.5,12,510012,4,0,0,0.0,0.0001
ga,10,0.5,12,510012,4,0,0,0.0,0.3974
gae,10,0.5,12,510012,5,0,1,1.0,0.3954
sa,10,0.5,12,510012,4,0,0,0.0,0.0767
aco,10,0.5,13,510013,5,0,0,0.0,8.2731
bf,10,0.5,13,510013,5,0,0,0.0,2.5168
dsatur,10,0.5,13,510013,5,0,0,0.0,0.0001
ga,10,0.5,13,510013,5,0,0,0.0,0.4008
gae,10,0.5,13,510013,5,0,0,0.0,0.422
sa,10,0.5,13,510013,5,0,0,0.0,0.0774
aco,10,0.5,14,510014,5,0,0,0.0,8.4235
bf,10,0.5,14,510014,5,0,0,0.0,1.6864
dsatur,10,0.5,14,510014,5,0,0,0.0,0.0001
ga,10,0.5,14,510014,5,0,0,0.0,0.6626
gae,10,0.5,14,510014,5,0,0,0.0,0.4084
sa,10,0.5,14,510014,5,0,0,0.0,0.0793
aco,10,0.5,15,510015,4,0,0,0.0,8.6886
bf,10,0.5,15,510015,4,0,0,0.0,0.1805
dsatur,10,0.5,15,510015,4,0,0,0.0,0.0001
ga,10,0.5,15,510015,4,0,0,0.0,0.4067
gae,10,0.5,15,510015,4,0,0,0.0,0.4061
sa,10,0.5,15,510015,4,0,0,0.0,0.0785
aco,10,0.5,16,510016,4,0,0,0.0,8.129
bf,10,0.5,16,510016,4,0,0,0.0,0.1805
dsatur,10,0.5,16,510016,4,0,0,0.0,0.0001
ga,10,0.5,16,510016,4,0,0,0.0,0.3902
gae,10,0.5,16,510016,4,0,0,0.0,0.388
sa,10,0.5,16,510016,4,0,0,0.0,0.0758
aco,10,0.5,17,510017,4,0,0,0.0,8.6984
bf,10,0.5,17,510017,4,0,0,0.0,0.1684
dsatur,10,0.5,17,510017,4,0,0,0.0,0.0001
ga,10,0.5,17,510017,4,0,0,0.0,0.4075
gae,10,0.5,17,510017,4,0,0,0.0,0.44
sa,10,0.5,17,510017,4,0,0,0.0,0.079
aco,10,0.5,18,510018,5,0,0,0.0,8.7087
bf,10,0.5,18,510018,5,0,0,0.0,2.0167
dsatur,10,0.5,18,510018,5,0,0,0.0,0.0001
ga,10,0.5,18,510018,5,0,0,0.0,0.4115
gae,10,0.5,18,510018,5,0,0,0.0,0.4071
sa,10,0.5,18,510018,5,0,0,0.0,0.0808
aco,10,0.5,19,510019,5,0,0,0.0,9.4773
bf,10,0.5,19,510019,5,0,0,0.0,1.7114
dsatur,10,0.5,19,510019,5,0,0,0.0,0.0001
ga,10,0.5,19,510019,5,0,0,0.0,0.4108
gae,10,0.5,19,510019,5,0,0,0.0,0.4068
sa,10,0.5,19,510019,5,0,0,0.0,0.1437
aco,10,0.7,0,710000,4,0,0,0.0,8.4582
bf,10,0.7,0,710000,4,0,0,0.0,0.1556
dsatur,10,0.7,0,710000,4,0,0,0.0,0.0002
ga,10,0.7,0,710000,5,0,1,1.0,0.5116
gae,10,0.7,0,710000,5,0,1,1.0,0.4219
sa,10,0.7,0,710000,4,0,0,0.0,0.0788
aco,10,0.7,1,710001,5,0,0,0.0,8.4447
bf,10,0.7,1,710001,5,0,0,0.0,1.7398
dsatur,10,0.7,1,710001,5,0,0,0.0,0.0001
ga,10,0.7,1,710001,5,0,0,0.0,0.4801
gae,10,0.7,1,710001,6,0,1,1.0,0.4537
sa,10,0.7,1,710001,5,0,0,0.0,0.0829
aco,10,0.7,2,710002,6,0,0,0.0,8.4792
bf,10,0.7,2,710002,6,0,0,0.0,16.5714
dsatur,10,0.7,2,710002,6,0,0,0.0,0.0001
ga,10,0.7,2,710002,6,0,0,0.0,0.435
gae,10,0.7,2,710002,6,0,0,0.0,0.4289
sa,10,0.7,2,710002,6,0,0,0.0,0.0848
aco,10,0.7,3,710003,5,0,1,1.0,8.1751
bf,10,0.7,3,710003,4,0,0,0.0,0.2047
dsatur,10,0.7,3,710003,4,0,0,0.0,0.0001
ga,10,0.7,3,710003,4,0,0,0.0,0.4167
gae,10,0.7,3,710003,5,0,1,1.0,0.4139
sa,10,0.7,3,710003,4,0,0,0.0,0.0803
aco,10,0.7,4,710004,5,0,0,0.0,8.2234
bf,10,0.7,4,710004,5,0,0,0.0,2.1575
dsatur,10,0.7,4,710004,5,0,0,0.0,0.0001
ga,10,0.7,4,710004,5,0,0,0.0,0.4241
gae,10,0.7,4,710004,6,0,1,1.0,0.4193
sa,10,0.7,4,710004,5,0,0,0.0,0.0816
aco,10,0.7,5,710005,6,0,0,0.0,8.3245
bf,10,0.7,5,710005,6,0,0,0.0,16.5402
dsatur,10,0.7,5,710005,6,0,0,0.0,0.0001
ga,10,0.7,5,710005,6,0,0,0.0,0.4279
gae,10,0.7,5,710005,6,0,0,0.0,0.4225
sa,10,0.7,5,710005,6,0,0,0.0,0.0828
aco,10,0.7,6,710006,6,0,0,0.0,8.4308
bf,10,0.7,6,710006,6,0,0,0.0,18.4982
dsatur,10,0.7,6,710006,6,0,0,0.0,0.0001
ga,10,0.7,6,710006,6,0,0,0.0,0.4334
gae,10,0.7,6,710006,6,0,0,0.0,0.4276
sa,10,0.7,6,710006,6,0,0,0.0,0.084
aco,10,0.7,7,710007,5,0,0,0.0,8.1991
bf,10,0.7,7,710007,5,0,0,0.0,1.6753
dsatur,10,0.7,7,710007,5,0,0,0.0,0.0001
ga,10,0.7,7,710007,5,0,0,0.0,0.4201
gae,10,0.7,7,710007,5,0,0,0.0,0.4144
sa,10,0.7,7,710007,5,0,0,0.0,0.0809
aco,10,0.7,8,710008,5,0,0,0.0,8.3927
bf,10,0.7,8,710008,5,0,0,0.0,1.7018
dsatur,10,0.7,8,710008,5,0,0,0.0,0.0001
ga,10,0.7,8,710008,5,0,0,0.0,0.4321
gae,10,0.7,8,710008,6,0,1,1.0,0.4242
sa,10,0.7,8,710008,5,0,0,0.0,0.0834
aco,10,0.7,9,710009,4,0,0,0.0,8.2647
bf,10,0.7,9,710009,4,0,0,0.0,0.1671
dsatur,10,0.7,9,710009,4,0,0,0.0,0.0001
ga,10,0.7,9,710009,4,0,0,0.0,0.4231
gae,10,0.7,9,710009,5,0,1,1.0,0.4216
sa,10,0.7,9,710009,4,0,0,0.0,0.0819
aco,10,0.7,10,710010,6,0,0,0.0,8.3477
bf,10,0.7,10,710010,6,0,0,0.0,16.7198
dsatur,10,0.7,10,710010,6,0,0,0.0,0.0001
ga,10,0.7,10,710010,6,0,0,0.0,0.4333
gae,10,0.7,10,710010,6,0,0,0.0,0.4273
sa,10,0.7,10,710010,6,0,0,0.0,0.0831
aco,10,0.7,11,710011,7,0,0,0.0,8.3402
bf,10,0.7,11,710011,7,0,0,0.0,115.7141
dsatur,10,0.7,11,710011,7,0,0,0.0,0.0001
ga,10,0.7,11,710011,7,0,0,0.0,0.4305
gae,10,0.7,11,710011,7,0,0,0.0,0.4247
sa,10,0.7,11,710011,7,0,0,0.0,0.0831
aco,10,0.7,12,710012,4,0,0,0.0,8.0386
bf,10,0.7,12,710012,4,0,0,0.0,0.0981
dsatur,10,0.7,12,710012,4,0,0,0.0,0.0001
ga,10,0.7,12,710012,4,0,0,0.0,0.4055
gae,10,0.7,12,710012,4,0,0,0.0,0.4039
sa,10,0.7,12,710012,4,0,0,0.0,0.0785
aco,10,0.7,13,710013,5,0,0,0.0,8.3375
bf,10,0.7,13,710013,5,0,0,0.0,1.6804
dsatur,10,0.7,13,710013,5,0,0,0.0,0.0001
ga,10,0.7,13,710013,6,0,1,1.0,0.4333
gae,10,0.7,13,710013,5,0,0,0.0,0.4254
sa,10,0.7,13,710013,5,0,0,0.0,0.0831
aco,10,0.7,14,710014,7,0,0,0.0,8.3941
bf,10,0.7,14,710014,7,0,0,0.0,119.3437
dsatur,10,0.7,14,710014,7,0,0,0.0,0.0001
ga,10,0.7,14,710014,7,0,0,0.0,0.4263
gae,10,0.7,14,710014,7,0,0,0.0,0.4204
sa,10,0.7,14,710014,7,0,0,0.0,0.0832
aco,10,0.7,15,710015,7,0,0,0.0,8.412
bf,10,0.7,15,710015,7,0,0,0.0,115.2899
dsatur,10,0.7,15,710015,7,0,0,0.0,0.0001
ga,10,0.7,15,710015,7,0,0,0.0,0.4315
gae,10,0.7,15,710015,7,0,0,0.0,0.4273
sa,10,0.7,15,710015,7,0,0,0.0,0.0834
aco,10,0.7,16,710016,6,0,0,0.0,8.2546
bf,10,0.7,16,710016,6,0,0,0.0,17.8137
dsatur,10,0.7,16,710016,6,0,0,0.0,0.0001
ga,10,0.7,16,710016,6,0,0,0.0,0.4212
gae,10,0.7,16,710016,6,0,0,0.0,0.417
sa,10,0.7,16,710016,6,0,0,0.0,0.0812
aco,10,0.7,17,710017,5,0,0,0.0,8.2298
bf,10,0.7,17,710017,5,0,0,0.0,2.142
dsatur,10,0.7,17,710017,5,0,0,0.0,0.0001
ga,10,0.7,17,710017,5,0,0,0.0,0.4214
gae,10,0.7,17,710017,5,0,0,0.0,0.416
sa,10,0.7,17,710017,5,0,0,0.0,0.0808
aco,10,0.7,18,710018,5,0,0,0.0,8.2688
bf,10,0.7,18,710018,5,0,0,0.0,2.1905
dsatur,10,0.7,18,710018,5,0,0,0.0,0.0001
ga,10,0.7,18,710018,5,0,0,0.0,0.4274
gae,10,0.7,18,710018,5,0,0,0.0,0.4225
sa,10,0.7,18,710018,5,0,0,0.0,0.0824
aco,10,0.7,19,710019,4,0,0,0.0,8.1012
bf,10,0.7,19,710019,4,0,0,0.0,0.2035
dsatur,10,0.7,19,710019,4,0,0,0.0,0.0001
ga,10,0.7,19,710019,4,0,0,0.0,0.4131
gae,10,0.7,19,710019,5,0,1,1.0,0.4341
sa,10,0.7,19,710019,5,0,1,1.0,0.0801
aco,20,0.3,0,320000,5,0,1,,28.8138
dsatur,20,0.3,0,320000,4,0,0,,0.0002
ga,20,0.3,0,320000,6,0,2,,0.7489
gae,20,0.3,0,320000,6,0,2,,0.8013
hybrid_aco_sa,20,0.3,0,320000,5,0,1,,1.1164
hybrid_ga_sa,20,0.3,0,320000,4,0,0,,38.2358
sa,20,0.3,0,320000,8,0,4,,0.1795
aco,20,0.3,1,320001,5,0,1,,28.9825
dsatur,20,0.3,1,320001,4,0,0,,0.0002
ga,20,0.3,1,320001,6,0,2,,0.7662
gae,20,0.3,1,320001,6,0,2,,0.8239
hybrid_aco_sa,20,0.3,1,320001,5,0,1,,1.1275
hybrid_ga_sa,20,0.3,1,320001,4,0,0,,38.3856
sa,20,0.3,1,320001,7,0,3,,0.182
aco,20,0.3,2,320002,6,0,2,,29.0518
dsatur,20,0.3,2,320002,4,0,0,,0.0002
ga,20,0.3,2,320002,6,0,2,,0.762
gae,20,0.3,2,320002,6,0,2,,0.818
hybrid_aco_sa,20,0.3,2,320002,5,0,1,,1.1206
hybrid_ga_sa,20,0.3,2,320002,4,0,0,,38.2579
sa,20,0.3,2,320002,8,0,4,,0.1807
aco,20,0.3,3,320003,7,0,3,,29.1556
dsatur,20,0.3,3,320003,4,0,0,,0.0002
ga,20,0.3,3,320003,6,0,2,,0.7727
gae,20,0.3,3,320003,5,0,1,,0.8328
hybrid_aco_sa,20,0.3,3,320003,5,0,1,,1.1283
hybrid_ga_sa,20,0.3,3,320003,4,0,0,,38.5872
sa,20,0.3,3,320003,7,0,3,,0.1835
aco,20,0.3,4,320004,5,0,2,,28.0486
dsatur,20,0.3,4,320004,3,0,0,,0.0002
ga,20,0.3,4,320004,4,0,1,,0.7081
gae,20,0.3,4,320004,4,0,1,,0.7565
hybrid_aco_sa,20,0.3,4,320004,5,0,2,,1.0994
hybrid_ga_sa,20,0.3,4,320004,3,0,0,,37.0908
sa,20,0.3,4,320004,8,0,5,,0.1716
aco,20,0.3,5,320005,6,0,2,,29.1048
dsatur,20,0.3,5,320005,4,0,0,,0.0002
ga,20,0.3,5,320005,6,0,2,,0.7702
gae,20,0.3,5,320005,6,0,2,,0.8269
hybrid_aco_sa,20,0.3,5,320005,5,0,1,,1.1259
hybrid_ga_sa,20,0.3,5,320005,4,0,0,,38.6118
sa,20,0.3,5,320005,9,0,5,,0.1829
aco,20,0.3,6,320006,6,0,3,,28.5866
dsatur,20,0.3,6,320006,3,0,0,,0.0002
ga,20,0.3,6,320006,5,0,2,,0.7431
gae,20,0.3,6,320006,6,0,3,,0.7994
hybrid_aco_sa,20,0.3,6,320006,5,0,2,,1.1184
hybrid_ga_sa,20,0.3,6,320006,3,0,0,,37.8957
sa,20,0.3,6,320006,5,0,2,,0.1784
aco,20,0.3,7,320007,6,0,2,,28.9933
dsatur,20,0.3,7,320007,4,0,0,,0.0002
ga,20,0.3,7,320007,5,0,1,,0.7637
gae,20,0.3,7,320007,5,0,1,,0.8182
hybrid_aco_sa,20,0.3,7,320007,4,0,0,,1.1323
hybrid_ga_sa,20,0.3,7,320007,4,0,0,,38.5421
sa,20,0.3,7,320007,8,0,4,,0.1817
aco,20,0.3,8,320008,6,0,2,,29.1858
dsatur,20,0.3,8,320008,4,0,0,,0.0002
ga,20,0.3,8,320008,5,0,1,,0.7766
gae,20,0.3,8,320008,6,0,2,,0.8345
hybrid_aco_sa,20,0.3,8,320008,5,0,1,,1.124
hybrid_ga_sa,20,0.3,8,320008,4,0,0,,38.5546
sa,20,0.3,8,320008,8,0,4,,0.1824
aco,20,0.3,9,320009,6,0,1,,29.0307
dsatur,20,0.3,9,320009,5,0,0,,0.0002
ga,20,0.3,9,320009,6,0,1,,0.7517
gae,20,0.3,9,320009,6,0,1,,0.8056
hybrid_aco_sa,20,0.3,9,320009,5,0,0,,1.1254
hybrid_ga_sa,20,0.3,9,320009,5,0,0,,38.1238
sa,20,0.3,9,320009,8,0,3,,0.1802
aco,20,0.3,10,320010,6,0,1,,29.4637
dsatur,20,0.3,10,320010,5,0,0,,0.0002
ga,20,0.3,10,320010,7,0,2,,0.7907
gae,20,0.3,10,320010,6,0,1,,0.8468
hybrid_aco_sa,20,0.3,10,320010,5,0,0,,1.1448
hybrid_ga_sa,20,0.3,10,320010,4,0,-1,,39.2057
sa,20,0.3,10,320010,9,0,4,,0.1879
aco,20,0.3,11,320011,5,0,1,,28.6853
dsatur,20,0.3,11,320011,4,0,0,,0.0002
ga,20,0.3,11,320011,5,0,1,,0.7369
gae,20,0.3,11,320011,5,0,1,,0.7879
hybrid_aco_sa,20,0.3,11,320011,4,0,0,,1.1097
hybrid_ga_sa,20,0.3,11,320011,4,0,0,,37.5894
sa,20,0.3,11,320011,7,0,3,,0.1772
aco,20,0.3,12,320012,6,0,2,,28.8955
dsatur,20,0.3,12,320012,4,0,0,,0.0002
ga,20,0.3,12,320012,5,0,1,,0.7538
gae,20,0.3,12,320012,6,0,2,,0.8082
hybrid_aco_sa,20,0.3,12,320012,5,0,1,,1.1195
hybrid_ga_sa,20,0.3,12,320012,4,0,0,,37.9723
sa,20,0.3,12,320012,8,0,4,,0.1812
aco,20,0.3,13,320013,6,0,2,,28.7404
dsatur,20,0.3,13,320013,4,0,0,,0.0002
ga,20,0.3,13,320013,5,0,1,,0.7379
gae,20,0.3,13,320013,5,0,1,,0.7937
hybrid_aco_sa,20,0.3,13,320013,5,0,1,,1.1148
hybrid_ga_sa,20,0.3,13,320013,4,0,0,,37.6591
sa,20,0.3,13,320013,8,0,4,,0.1783
aco,20,0.3,14,320014,7,0,3,,29.2875
dsatur,20,0.3,14,320014,4,0,0,,0.0002
ga,20,0.3,14,320014,5,0,1,,0.7728
gae,20,0.3,14,320014,6,0,2,,0.8278
hybrid_aco_sa,20,0.3,14,320014,5,0,1,,1.1295
hybrid_ga_sa,20,0.3,14,320014,4,0,0,,38.4963
sa,20,0.3,14,320014,8,0,4,,0.1816
aco,20,0.3,15,320015,5,0,1,,28.9742
dsatur,20,0.3,15,320015,4,0,0,,0.0002
ga,20,0.3,15,320015,5,0,1,,0.7556
gae,20,0.3,15,320015,5,0,1,,0.8086
hybrid_aco_sa,20,0.3,15,320015,5,0,1,,1.1264
hybrid_ga_sa,20,0.3,15,320015,4,0,0,,38.1508
sa,20,0.3,15,320015,8,0,4,,0.1802
aco,20,0.3,16,320016,6,0,2,,29.4471
dsatur,20,0.3,16,320016,4,0,0,,0.0002
ga,20,0.3,16,320016,6,0,2,,0.7782
gae,20,0.3,16,320016,6,0,2,,0.836
hybrid_aco_sa,20,0.3,16,320016,5,0,1,,1.1346
hybrid_ga_sa,20,0.3,16,320016,4,0,0,,38.7649
sa,20,0.3,16,320016,7,0,3,,0.1852
aco,20,0.3,17,320017,6,0,2,,29.0279
dsatur,20,0.3,17,320017,4,0,0,,0.0002
ga,20,0.3,17,320017,5,0,1,,0.7569
gae,20,0.3,17,320017,5,0,1,,0.8117
hybrid_aco_sa,20,0.3,17,320017,5,0,1,,1.1222
hybrid_ga_sa,20,0.3,17,320017,4,0,0,,38.0643
sa,20,0.3,17,320017,6,0,2,,0.1802
aco,20,0.3,18,320018,6,0,2,,29.1798
dsatur,20,0.3,18,320018,4,0,0,,0.0002
ga,20,0.3,18,320018,5,0,1,,0.7623
gae,20,0.3,18,320018,5,0,1,,0.8197
hybrid_aco_sa,20,0.3,18,320018,5,0,1,,1.1304
hybrid_ga_sa,20,0.3,18,320018,4,0,0,,38.3394
sa,20,0.3,18,320018,7,0,3,,0.1813
aco,20,0.3,19,320019,7,0,3,,28.9077
dsatur,20,0.3,19,320019,4,0,0,,0.0002
ga,20,0.3,19,320019,5,0,1,,0.7574
gae,20,0.3,19,320019,5,0,1,,0.8122
hybrid_aco_sa,20,0.3,19,320019,5,0,1,,1.1226
hybrid_ga_sa,20,0.3,19,320019,4,0,0,,38.2002
sa,20,0.3,19,320019,8,0,4,,0.1811
aco,20,0.5,0,520000,7,0,2,,30.6048
dsatur,20,0.5,0,520000,5,0,0,,0.0003
ga,20,0.5,0,520000,7,0,2,,0.8732
gae,20,0.5,0,520000,6,0,1,,0.9313
hybrid_aco_sa,20,0.5,0,520000,6,0,1,,1.1718
hybrid_ga_sa,20,0.5,0,520000,5,0,0,,41.34
sa,20,0.5,0,520000,8,0,3,,0.1996
aco,20,0.5,1,520001,8,0,2,,30.7399
dsatur,20,0.5,1,520001,6,0,0,,0.0003
ga,20,0.5,1,520001,6,0,0,,0.9031
gae,20,0.5,1,520001,8,0,2,,0.961
hybrid_aco_sa,20,0.5,1,520001,6,0,0,,1.1897
hybrid_ga_sa,20,0.5,1,520001,6,0,0,,41.8245
sa,20,0.5,1,520001,9,0,3,,0.204
aco,20,0.5,2,520002,7,0,1,,30.4932
dsatur,20,0.5,2,520002,6,0,0,,0.0002
ga,20,0.5,2,520002,7,0,1,,0.8931
gae,20,0.5,2,520002,8,0,2,,0.9591
hybrid_aco_sa,20,0.5,2,520002,6,0,0,,1.1908
hybrid_ga_sa,20,0.5,2,520002,6,0,0,,41.3173
sa,20,0.5,2,520002,9,0,3,,0.201
aco,20,0.5,3,520003,7,0,1,,30.3151
dsatur,20,0.5,3,520003,6,0,0,,0.0002
ga,20,0.5,3,520003,7,0,1,,0.8838
gae,20,0.5,3,520003,6,0,0,,0.9388
hybrid_aco_sa,20,0.5,3,520003,6,0,0,,1.185
hybrid_ga_sa,20,0.5,3,520003,6,0,0,,40.9764
sa,20,0.5,3,520003,8,0,2,,0.1998
aco,20,0.5,4,520004,8,0,2,,30.431
dsatur,20,0.5,4,520004,6,0,0,,0.0002
ga,20,0.5,4,520004,7,0,1,,0.8903
gae,20,0.5,4,520004,7,0,1,,0.952
hybrid_aco_sa,20,0.5,4,520004,6,0,0,,1.1915
hybrid_ga_sa,20,0.5,4,520004,6,0,0,,41.4639
sa,20,0.5,4,520004,9,0,3,,0.2005
aco,20,0.5,5,520005,7,0,0,,30.0758
dsatur,20,0.5,5,520005,7,0,0,,0.0002
ga,20,0.5,5,520005,7,0,0,,0.8609
gae,20,0.5,5,520005,6,0,-1,,0.9233
hybrid_aco_sa,20,0.5,5,520005,6,0,-1,,1.1716
hybrid_ga_sa,20,0.5,5,520005,6,0,-1,,40.6728
sa,20,0.5,5,520005,8,0,1,,0.1975
aco,20,0.5,6,520006,7,0,1,,30.5568
dsatur,20,0.5,6,520006,6,0,0,,0.0002
ga,20,0.5,6,520006,8,0,2,,0.8746
gae,20,0.5,6,520006,7,0,1,,0.936
hybrid_aco_sa,20,0.5,6,520006,7,0,1,,1.1799
hybrid_ga_sa,20,0.5,6,520006,6,0,0,,41.2361
sa,20,0.5,6,520006,10,0,4,,0.1999
aco,20,0.5,7,520007,7,0,0,,30.4504
dsatur,20,0.5,7,520007,7,0,0,,0.0002
ga,20,0.5,7,520007,7,0,0,,0.8834
gae,20,0.5,7,520007,8,0,1,,0.9475
hybrid_aco_sa,20,0.5,7,520007,7,0,0,,1.179
hybrid_ga_sa,20,0.5,7,520007,6,0,-1,,41.2955
sa,20,0.5,7,520007,8,0,1,,0.2002
aco,20,0.5,8,520008,7,0,0,,30.3093
dsatur,20,0.5,8,520008,7,0,0,,0.0002
ga,20,0.5,8,520008,7,0,0,,0.8725
gae,20,0.5,8,520008,7,0,0,,0.9303
hybrid_aco_sa,20,0.5,8,520008,7,0,0,,1.1815
hybrid_ga_sa,20,0.5,8,520008,7,0,0,,40.9432
sa,20,0.5,8,520008,8,0,1,,0.199
aco,20,0.5,9,520009,9,0,3,,30.6526
dsatur,20,0.5,9,520009,6,0,0,,0.0002
ga,20,0.5,9,520009,7,0,1,,0.8922
gae,20,0.5,9,520009,7,0,1,,0.9545
hybrid_aco_sa,20,0.5,9,520009,7,0,1,,1.1889
hybrid_ga_sa,20,0.5,9,520009,6,0,0,,41.5616
sa,20,0.5,9,520009,9,0,3,,0.2013
aco,20,0.5,10,520010,6,0,1,,29.8759
dsatur,20,0.5,10,520010,5,0,0,,0.0002
ga,20,0.5,10,520010,7,0,2,,0.8416
gae,20,0.5,10,520010,7,0,2,,0.8983
hybrid_aco_sa,20,0.5,10,520010,6,0,1,,1.1703
hybrid_ga_sa,20,0.5,10,520010,5,0,0,,40.2032
sa,20,0.5,10,520010,7,0,2,,0.1923
aco,20,0.5,11,520011,6,0,0,,30.169
dsatur,20,0.5,11,520011,6,0,0,,0.0003
ga,20,0.5,11,520011,7,0,1,,0.8727
gae,20,0.5,11,520011,7,0,1,,0.9348
hybrid_aco_sa,20,0.5,11,520011,5,0,-1,,1.1727
hybrid_ga_sa,20,0.5,11,520011,5,0,-1,,40.9519
sa,20,0.5,11,520011,10,0,4,,0.1979
aco,20,0.5,12,520012,8,0,2,,30.4433
dsatur,20,0.5,12,520012,6,0,0,,0.0002
ga,20,0.5,12,520012,7,0,1,,0.8824
gae,20,0.5,12,520012,7,0,1,,0.9463
hybrid_aco_sa,20,0.5,12,520012,7,0,1,,1.1853
hybrid_ga_sa,20,0.5,12,520012,6,0,0,,41.2581
sa,20,0.5,12,520012,8,0,2,,0.1982
aco,20,0.5,13,520013,7,0,1,,30.3071
dsatur,20,0.5,13,520013,6,0,0,,0.0002
ga,20,0.5,13,520013,7,0,1,,0.8682
gae,20,0.5,13,520013,7,0,1,,0.9297
hybrid_aco_sa,20,0.5,13,520013,7,0,1,,1.173
hybrid_ga_sa,20,0.5,13,520013,6,0,0,,40.8601
sa,20,0.5,13,520013,10,0,4,,0.1993
aco,20,0.5,14,520014,7,0,2,,30.0613
dsatur,20,0.5,14,520014,5,0,0,,0.0002
ga,20,0.5,14,520014,7,0,2,,0.8547
gae,20,0.5,14,520014,7,0,2,,0.9204
hybrid_aco_sa,20,0.5,14,520014,6,0,1,,1.1706
hybrid_ga_sa,20,0.5,14,520014,5,0,0,,40.3495
sa,20,0.5,14,520014,8,0,3,,0.1948
aco,20,0.5,15,520015,8,0,2,,30.4238
dsatur,20,0.5,15,520015,6,0,0,,0.0002
ga,20,0.5,15,520015,7,0,1,,0.8811
gae,20,0.5,15,520015,7,0,1,,0.9446
hybrid_aco_sa,20,0.5,15,520015,6,0,0,,1.18
hybrid_ga_sa,20,0.5,15,520015,6,0,0,,41.0354
sa,20,0.5,15,520015,9,0,3,,0.1985
aco,20,0.5,16,520016,8,0,2,,30.6745
dsatur,20,0.5,16,520016,6,0,0,,0.0002
ga,20,0.5,16,520016,7,0,1,,0.9047
gae,20,0.5,16,520016,6,0,0,,0.9725
hybrid_aco_sa,20,0.5,16,520016,6,0,0,,1.1981
hybrid_ga_sa,20,0.5,16,520016,6,0,0,,41.9486
sa,20,0.5,16,520016,8,0,2,,0.2052
aco,20,0.5,17,520017,7,0,2,,30.2398
dsatur,20,0.5,17,520017,5,0,0,,0.0002
ga,20,0.5,17,520017,5,0,0,,0.8711
gae,20,0.5,17,520017,6,0,1,,0.9331
hybrid_aco_sa,20,0.5,17,520017,5,0,0,,1.1813
hybrid_ga_sa,20,0.5,17,520017,5,0,0,,40.7685
sa,20,0.5,17,520017,8,0,3,,0.1974
aco,20,0.5,18,520018,7,0,1,,30.5201
dsatur,20,0.5,18,520018,6,0,0,,0.0002
ga,20,0.5,18,520018,6,0,0,,0.8943
gae,20,0.5,18,520018,7,0,1,,0.9734
hybrid_aco_sa,20,0.5,18,520018,7,0,1,,1.1854
hybrid_ga_sa,20,0.5,18,520018,6,0,0,,41.1559
sa,20,0.5,18,520018,9,0,3,,0.2021
aco,20,0.5,19,520019,8,0,3,,30.3398
dsatur,20,0.5,19,520019,5,0,0,,0.0002
ga,20,0.5,19,520019,6,0,1,,0.8705
gae,20,0.5,19,520019,7,0,2,,0.9272
hybrid_aco_sa,20,0.5,19,520019,5,0,0,,1.1795
hybrid_ga_sa,20,0.5,19,520019,5,0,0,,40.8194
sa,20,0.5,19,520019,8,0,3,,0.1967
aco,20,0.7,0,720000,9,0,1,,32.041
dsatur,20,0.7,0,720000,8,0,0,,0.0003
ga,20,0.7,0,720000,9,0,1,,1.0017
gae,20,0.7,0,720000,9,0,1,,1.0673
hybrid_aco_sa,20,0.7,0,720000,8,0,0,,1.2332
hybrid_ga_sa,20,0.7,0,720000,8,0,0,,44.6124
sa,20,0.7,0,720000,10,0,2,,0.2221
aco,20,0.7,1,720001,9,0,0,,31.4515
dsatur,20,0.7,1,720001,9,0,0,,0.0002
ga,20,0.7,1,720001,9,0,0,,1.0117
gae,20,0.7,1,720001,9,0,0,,1.0805
hybrid_aco_sa,20,0.7,1,720001,8,0,-1,,1.2472
hybrid_ga_sa,20,0.7,1,720001,8,0,-1,,44.6797
sa,20,0.7,1,720001,10,0,1,,0.2213
aco,20,0.7,2,720002,9,0,0,,31.4725
dsatur,20,0.7,2,720002,9,0,0,,0.0002
ga,20,0.7,2,720002,9,0,0,,1.0013
gae,20,0.7,2,720002,10,0,1,,1.0664
hybrid_aco_sa,20,0.7,2,720002,9,0,0,,1.2392
hybrid_ga_sa,20,0.7,2,720002,9,0,0,,44.1697
sa,20,0.7,2,720002,11,0,2,,0.2203
aco,20,0.7,3,720003,8,0,0,,31.2255
dsatur,20,0.7,3,720003,8,0,0,,0.0002
ga,20,0.7,3,720003,9,0,1,,0.9752
gae,20,0.7,3,720003,9,0,1,,1.0482
hybrid_aco_sa,20,0.7,3,720003,8,0,0,,1.221
hybrid_ga_sa,20,0.7,3,720003,8,0,0,,43.86
sa,20,0.7,3,720003,10,0,2,,0.217
aco,20,0.7,4,720004,9,0,1,,31.1835
dsatur,20,0.7,4,720004,8,0,0,,0.0002
ga,20,0.7,4,720004,10,0,2,,0.9838
gae,20,0.7,4,720004,9,0,1,,1.0525
hybrid_aco_sa,20,0.7,4,720004,8,0,0,,1.223
hybrid_ga_sa,20,0.7,4,720004,8,0,0,,43.7528
sa,20,0.7,4,720004,11,0,3,,0.2178
aco,20,0.7,5,720005,9,0,1,,31.8668
dsatur,20,0.7,5,720005,8,0,0,,0.0002
ga,20,0.7,5,720005,10,0,2,,1.0266
gae,20,0.7,5,720005,10,0,2,,1.0922
hybrid_aco_sa,20,0.7,5,720005,8,0,0,,1.2491
hybrid_ga_sa,20,0.7,5,720005,8,0,0,,45.1009
sa,20,0.7,5,720005,11,0,3,,0.2245
aco,20,0.7,6,720006,8,0,0,,31.3545
dsatur,20,0.7,6,720006,8,0,0,,0.0002
ga,20,0.7,6,720006,9,0,1,,0.9789
gae,20,0.7,6,720006,9,0,1,,1.0489
hybrid_aco_sa,20,0.7,6,720006,7,0,-1,,1.2268
hybrid_ga_sa,20,0.7,6,720006,7,0,-1,,43.801
sa,20,0.7,6,720006,10,0,2,,0.2168
aco,20,0.7,7,720007,8,0,0,,31.2644
dsatur,20,0.7,7,720007,8,0,0,,0.0002
ga,20,0.7,7,720007,9,0,1,,0.9945
gae,20,0.7,7,720007,8,0,0,,1.0523
hybrid_aco_sa,20,0.7,7,720007,8,0,0,,1.226
hybrid_ga_sa,20,0.7,7,720007,8,0,0,,43.8828
sa,20,0.7,7,720007,10,0,2,,0.2185
aco,20,0.7,8,720008,10,0,2,,31.4508
dsatur,20,0.7,8,720008,8,0,0,,0.0002
ga,20,0.7,8,720008,9,0,1,,0.9971
gae,20,0.7,8,720008,9,0,1,,1.06
hybrid_aco_sa,20,0.7,8,720008,8,0,0,,1.2319
hybrid_ga_sa,20,0.7,8,720008,8,0,0,,44.1499
sa,20,0.7,8,720008,9,0,1,,0.2198
aco,20,0.7,9,720009,10,0,2,,31.4733
dsatur,20,0.7,9,720009,8,0,0,,0.0002
ga,20,0.7,9,720009,9,0,1,,0.9983
gae,20,0.7,9,720009,9,0,1,,1.0611
hybrid_aco_sa,20,0.7,9,720009,8,0,0,,1.2364
hybrid_ga_sa,20,0.7,9,720009,8,0,0,,44.2771
sa,20,0.7,9,720009,11,0,3,,0.2212
aco,20,0.7,10,720010,9,0,1,,31.5359
dsatur,20,0.7,10,720010,8,0,0,,0.0002
ga,20,0.7,10,720010,9,0,1,,1.0086
gae,20,0.7,10,720010,9,0,1,,1.0739
hybrid_aco_sa,20,0.7,10,720010,8,0,0,,1.2315
hybrid_ga_sa,20,0.7,10,720010,8,0,0,,44.7261
sa,20,0.7,10,720010,9,0,1,,0.2237
aco,20,0.7,11,720011,9,0,1,,31.4625
dsatur,20,0.7,11,720011,8,0,0,,0.0003
ga,20,0.7,11,720011,9,0,1,,0.9872
gae,20,0.7,11,720011,9,0,1,,1.0594
hybrid_aco_sa,20,0.7,11,720011,8,0,0,,1.2393
hybrid_ga_sa,20,0.7,11,720011,8,0,0,,44.4764
sa,20,0.7,11,720011,10,0,2,,0.2206
aco,20,0.7,12,720012,8,0,1,,31.1334
dsatur,20,0.7,12,720012,7,0,0,,0.0002
ga,20,0.7,12,720012,9,0,2,,0.9792
gae,20,0.7,12,720012,9,0,2,,1.0448
hybrid_aco_sa,20,0.7,12,720012,7,0,0,,1.2307
hybrid_ga_sa,20,0.7,12,720012,7,0,0,,43.6987
sa,20,0.7,12,720012,11,0,4,,0.2198
aco,20,0.7,13,720013,9,0,0,,31.678
dsatur,20,0.7,13,720013,9,0,0,,0.0002
ga,20,0.7,13,720013,9,0,0,,1.0174
gae,20,0.7,13,720013,11,0,2,,1.0911
hybrid_aco_sa,20,0.7,13,720013,9,0,0,,1.2369
hybrid_ga_sa,20,0.7,13,720013,9,0,0,,44.8786
sa,20,0.7,13,720013,11,0,2,,0.2244
aco,20,0.7,14,720014,8,0,1,,31.0536
dsatur,20,0.7,14,720014,7,0,0,,0.0003
ga,20,0.7,14,720014,9,0,2,,0.9527
gae,20,0.7,14,720014,7,0,0,,1.0162
hybrid_aco_sa,20,0.7,14,720014,7,0,0,,1.2074
hybrid_ga_sa,20,0.7,14,720014,7,0,0,,43.0884
sa,20,0.7,14,720014,9,0,2,,0.2137
aco,20,0.7,15,720015,9,0,1,,31.4554
dsatur,20,0.7,15,720015,8,0,0,,0.0003
ga,20,0.7,15,720015,9,0,1,,0.9868
gae,20,0.7,15,720015,8,0,0,,1.0554
hybrid_aco_sa,20,0.7,15,720015,8,0,0,,1.2324
hybrid_ga_sa,20,0.7,15,720015,8,0,0,,44.1092
sa,20,0.7,15,720015,10,0,2,,0.2184
aco,20,0.7,16,720016,9,0,0,,31.429
dsatur,20,0.7,16,720016,9,0,0,,0.0002
ga,20,0.7,16,720016,10,0,1,,1.0065
gae,20,0.7,16,720016,10,0,1,,1.073
hybrid_aco_sa,20,0.7,16,720016,9,0,0,,1.2336
hybrid_ga_sa,20,0.7,16,720016,9,0,0,,44.1211
sa,20,0.7,16,720016,12,0,3,,0.2204
aco,20,0.7,17,720017,9,0,1,,31.6157
dsatur,20,0.7,17,720017,8,0,0,,0.0002
ga,20,0.7,17,720017,8,0,0,,1.0053
gae,20,0.7,17,720017,10,0,2,,1.0791
hybrid_aco_sa,20,0.7,17,720017,8,0,0,,1.2406
hybrid_ga_sa,20,0.7,17,720017,8,0,0,,44.6752
sa,20,0.7,17,720017,10,0,2,,0.2219
aco,20,0.7,18,720018,9,0,1,,31.5814
dsatur,20,0.7,18,720018,8,0,0,,0.0002
ga,20,0.7,18,720018,10,0,2,,1.0032
gae,20,0.7,18,720018,9,0,1,,1.0711
hybrid_aco_sa,20,0.7,18,720018,8,0,0,,1.2299
hybrid_ga_sa,20,0.7,18,720018,8,0,0,,44.2491
sa,20,0.7,18,720018,12,0,4,,0.2218
aco,20,0.7,19,720019,9,0,1,,31.1918
dsatur,20,0.7,19,720019,8,0,0,,0.0002
ga,20,0.7,19,720019,9,0,1,,0.9798
gae,20,0.7,19,720019,9,0,1,,1.0438
hybrid_aco_sa,20,0.7,19,720019,8,0,0,,1.2317
hybrid_ga_sa,20,0.7,19,720019,8,0,0,,43.7319
sa,20,0.7,19,720019,9,0,1,,0.2156
aco,30,0.3,0,330000,8,0,3,,45.3631
dsatur,30,0.3,0,330000,5,0,0,,0.0005
ga,30,0.3,0,330000,8,0,3,,1.1021
gae,30,0.3,0,330000,9,0,4,,1.1753
hybrid_aco_sa,30,0.3,0,330000,7,0,2,,1.74
hybrid_ga_sa,30,0.3,0,330000,5,0,0,,61.2698
sa,30,0.3,0,330000,12,0,7,,0.289
aco,30,0.3,1,330001,8,0,2,,45.308
dsatur,30,0.3,1,330001,6,0,0,,0.0004
ga,30,0.3,1,330001,9,0,3,,1.1378
gae,30,0.3,1,330001,8,0,2,,1.206
hybrid_aco_sa,30,0.3,1,330001,7,0,1,,1.758
hybrid_ga_sa,30,0.3,1,330001,5,0,-1,,61.5728
sa,30,0.3,1,330001,11,0,5,,0.2919
aco,30,0.3,2,330002,9,0,4,,45.2691
dsatur,30,0.3,2,330002,5,0,0,,0.0004
ga,30,0.3,2,330002,8,0,3,,1.1054
gae,30,0.3,2,330002,8,0,3,,1.177
hybrid_aco_sa,30,0.3,2,330002,7,0,2,,1.7459
hybrid_ga_sa,30,0.3,2,330002,6,0,1,,60.4909
sa,30,0.3,2,330002,11,0,6,,0.2905
aco,30,0.3,3,330003,11,0,5,,45.5527
dsatur,30,0.3,3,330003,6,0,0,,0.0004
ga,30,0.3,3,330003,7,0,1,,1.1211
gae,30,0.3,3,330003,8,0,2,,1.1956
hybrid_aco_sa,30,0.3,3,330003,7,0,1,,1.7533
hybrid_ga_sa,30,0.3,3,330003,5,0,-1,,60.4852
sa,30,0.3,3,330003,11,0,5,,0.2907
aco,30,0.3,4,330004,11,0,6,,45.3692
dsatur,30,0.3,4,330004,5,0,0,,0.0004
ga,30,0.3,4,330004,8,0,3,,1.1136
gae,30,0.3,4,330004,9,0,4,,1.1846
hybrid_aco_sa,30,0.3,4,330004,7,0,2,,1.7555
hybrid_ga_sa,30,0.3,4,330004,6,0,1,,60.9287
sa,30,0.3,4,330004,12,0,7,,0.2913
aco,30,0.3,5,330005,10,0,4,,45.9895
dsatur,30,0.3,5,330005,6,0,0,,0.0004
ga,30,0.3,5,330005,9,0,3,,1.1843
gae,30,0.3,5,330005,9,0,3,,1.255
hybrid_aco_sa,30,0.3,5,330005,8,0,2,,1.7738
hybrid_ga_sa,30,0.3,5,330005,6,0,0,,62.089
sa,30,0.3,5,330005,11,0,5,,0.2969
aco,30,0.3,6,330006,10,0,4,,45.4206
dsatur,30,0.3,6,330006,6,0,0,,0.0004
ga,30,0.3,6,330006,8,0,2,,1.1261
gae,30,0.3,6,330006,8,0,2,,1.2024
hybrid_aco_sa,30,0.3,6,330006,7,0,1,,1.7615
hybrid_ga_sa,30,0.3,6,330006,5,0,-1,,60.842
sa,30,0.3,6,330006,11,0,5,,0.291
aco,30,0.3,7,330007,9,0,4,,45.2032
dsatur,30,0.3,7,330007,5,0,0,,0.0004
ga,30,0.3,7,330007,8,0,3,,1.0978
gae,30,0.3,7,330007,7,0,2,,1.1683
hybrid_aco_sa,30,0.3,7,330007,7,0,2,,1.7404
hybrid_ga_sa,30,0.3,7,330007,6,0,1,,59.9718
sa,30,0.3,7,330007,12,0,7,,0.2863
aco,30,0.3,8,330008,10,0,5,,45.5262
dsatur,30,0.3,8,330008,5,0,0,,0.0004
ga,30,0.3,8,330008,9,0,4,,1.1304
gae,30,0.3,8,330008,9,0,4,,1.2055
hybrid_aco_sa,30,0.3,8,330008,7,0,2,,1.7551
hybrid_ga_sa,30,0.3,8,330008,5,0,0,,61.148
sa,30,0.3,8,330008,11,0,6,,0.2899
aco,30,0.3,9,330009,10,0,4,,45.9562
dsatur,30,0.3,9,330009,6,0,0,,0.0004
ga,30,0.3,9,330009,9,0,3,,1.1513
gae,30,0.3,9,330009,8,0,2,,1.2276
hybrid_aco_sa,30,0.3,9,330009,7,0,1,,1.7775
hybrid_ga_sa,30,0.3,9,330009,5,0,-1,,61.9577
sa,30,0.3,9,330009,11,0,5,,0.2978
aco,30,0.3,10,330010,11,0,6,,45.584
dsatur,30,0.3,10,330010,5,0,0,,0.0004
ga,30,0.3,10,330010,8,0,3,,1.1432
gae,30,0.3,10,330010,10,0,5,,1.2196
hybrid_aco_sa,30,0.3,10,330010,8,0,3,,1.7703
hybrid_ga_sa,30,0.3,10,330010,6,0,1,,61.5657
sa,30,0.3,10,330010,11,0,6,,0.2936
aco,30,0.3,11,330011,9,0,4,,44.9403
dsatur,30,0.3,11,330011,5,0,0,,0.0004
ga,30,0.3,11,330011,8,0,3,,1.0968
gae,30,0.3,11,330011,8,0,3,,1.1624
hybrid_aco_sa,30,0.3,11,330011,7,0,2,,1.7511
hybrid_ga_sa,30,0.3,11,330011,5,0,0,,60.4753
sa,30,0.3,11,330011,11,0,6,,0.2864
aco,30,0.3,12,330012,9,0,4,,45.17
dsatur,30,0.3,12,330012,5,0,0,,0.0004
ga,30,0.3,12,330012,7,0,2,,1.1175
gae,30,0.3,12,330012,8,0,3,,1.1847
hybrid_aco_sa,30,0.3,12,330012,7,0,2,,1.7312
hybrid_ga_sa,30,0.3,12,330012,5,0,0,,60.5137
sa,30,0.3,12,330012,12,0,7,,0.2892
aco,30,0.3,13,330013,10,0,5,,45.4006
dsatur,30,0.3,13,330013,5,0,0,,0.0004
ga,30,0.3,13,330013,8,0,3,,1.1116
gae,30,0.3,13,330013,8,0,3,,1.1821
hybrid_aco_sa,30,0.3,13,330013,7,0,2,,1.7438
hybrid_ga_sa,30,0.3,13,330013,6,0,1,,60.5604
sa,30,0.3,13,330013,12,0,7,,0.2916
aco,30,0.3,14,330014,10,0,4,,45.2993
dsatur,30,0.3,14,330014,6,0,0,,0.0004
ga,30,0.3,14,330014,8,0,2,,1.0925
gae,30,0.3,14,330014,9,0,3,,1.1625
hybrid_aco_sa,30,0.3,14,330014,7,0,1,,1.7363
hybrid_ga_sa,30,0.3,14,330014,5,0,-1,,60.0839
sa,30,0.3,14,330014,10,0,4,,0.2868
aco,30,0.3,15,330015,9,0,4,,45.2659
dsatur,30,0.3,15,330015,5,0,0,,0.0004
ga,30,0.3,15,330015,8,0,3,,1.1012
gae,30,0.3,15,330015,8,0,3,,1.1794
hybrid_aco_sa,30,0.3,15,330015,7,0,2,,1.7311
hybrid_ga_sa,30,0.3,15,330015,5,0,0,,60.4281
sa,30,0.3,15,330015,11,0,6,,0.2904
aco,30,0.3,16,330016,9,0,3,,46.0608
dsatur,30,0.3,16,330016,6,0,0,,0.0004
ga,30,0.3,16,330016,8,0,2,,1.1727
gae,30,0.3,16,330016,9,0,3,,1.242
hybrid_aco_sa,30,0.3,16,330016,8,0,2,,1.7822
hybrid_ga_sa,30,0.3,16,330016,6,0,0,,62.0977
sa,30,0.3,16,330016,13,0,7,,0.2987
aco,30,0.3,17,330017,10,0,4,,45.2358
dsatur,30,0.3,17,330017,6,0,0,,0.0004
ga,30,0.3,17,330017,9,0,3,,1.1185
gae,30,0.3,17,330017,8,0,2,,1.1889
hybrid_aco_sa,30,0.3,17,330017,6,0,0,,1.7612
hybrid_ga_sa,30,0.3,17,330017,6,0,0,,61.041
sa,30,0.3,17,330017,12,0,6,,0.2931
aco,30,0.3,18,330018,10,0,5,,45.215
dsatur,30,0.3,18,330018,5,0,0,,0.0004
ga,30,0.3,18,330018,10,0,5,,1.1106
gae,30,0.3,18,330018,8,0,3,,1.1798
hybrid_aco_sa,30,0.3,18,330018,7,0,2,,1.7441
hybrid_ga_sa,30,0.3,18,330018,5,0,0,,60.6321
sa,30,0.3,18,330018,12,0,7,,0.2915
aco,30,0.3,19,330019,9,0,4,,45.654
dsatur,30,0.3,19,330019,5,0,0,,0.0004
ga,30,0.3,19,330019,8,0,3,,1.108
gae,30,0.3,19,330019,8,0,3,,1.185
hybrid_aco_sa,30,0.3,19,330019,7,0,2,,1.7428
hybrid_ga_sa,30,0.3,19,330019,6,0,1,,60.3878
sa,30,0.3,19,330019,11,0,6,,0.2907
aco,30,0.5,0,530000,11,0,3,,48.6007
dsatur,30,0.5,0,530000,8,0,0,,0.0005
ga,30,0.5,0,530000,11,0,3,,1.3982
gae,30,0.5,0,530000,10,0,2,,1.4925
hybrid_aco_sa,30,0.5,0,530000,9,0,1,,1.8943
hybrid_ga_sa,30,0.5,0,530000,7,0,-1,,68.6795
sa,30,0.5,0,530000,14,0,6,,0.332
aco,30,0.5,1,530001,11,0,3,,48.2421
dsatur,30,0.5,1,530001,8,0,0,,0.0004
ga,30,0.5,1,530001,9,0,1,,1.3806
gae,30,0.5,1,530001,11,0,3,,1.4622
hybrid_aco_sa,30,0.5,1,530001,9,0,1,,1.8767
hybrid_ga_sa,30,0.5,1,530001,7,0,-1,,68.0798
sa,30,0.5,1,530001,12,0,4,,0.3368
aco,30,0.5,2,530002,10,0,2,,47.8276
dsatur,30,0.5,2,530002,8,0,0,,0.0004
ga,30,0.5,2,530002,10,0,2,,1.3602
gae,30,0.5,2,530002,11,0,3,,1.4423
hybrid_aco_sa,30,0.5,2,530002,8,0,0,,1.8726
hybrid_ga_sa,30,0.5,2,530002,7,0,-1,,67.2217
sa,30,0.5,2,530002,14,0,6,,0.3307
aco,30,0.5,3,530003,10,0,3,,47.1786
dsatur,30,0.5,3,530003,7,0,0,,0.0004
ga,30,0.5,3,530003,10,0,3,,1.3186
gae,30,0.5,3,530003,10,0,3,,1.401
hybrid_aco_sa,30,0.5,3,530003,8,0,1,,1.8649
hybrid_ga_sa,30,0.5,3,530003,7,0,0,,66.4244
sa,30,0.5,3,530003,12,0,5,,0.3221
aco,30,0.5,4,530004,10,0,2,,47.5105
dsatur,30,0.5,4,530004,8,0,0,,0.0004
ga,30,0.5,4,530004,9,0,1,,1.3589
gae,30,0.5,4,530004,9,0,1,,1.4422
hybrid_aco_sa,30,0.5,4,530004,9,0,1,,1.8669
hybrid_ga_sa,30,0.5,4,530004,7,0,-1,,66.8818
sa,30,0.5,4,530004,13,0,5,,0.3268
aco,30,0.5,5,530005,12,0,5,,47.6279
dsatur,30,0.5,5,530005,7,0,0,,0.0004
ga,30,0.5,5,530005,8,0,1,,1.3233
gae,30,0.5,5,530005,11,0,4,,1.4119
hybrid_aco_sa,30,0.5,5,530005,8,0,1,,1.8357
hybrid_ga_sa,30,0.5,5,530005,6,0,-1,,66.5039
sa,30,0.5,5,530005,12,0,5,,0.3269
aco,30,0.5,6,530006,12,0,5,,48.1797
dsatur,30,0.5,6,530006,7,0,0,,0.0005
ga,30,0.5,6,530006,11,0,4,,1.3938
gae,30,0.5,6,530006,11,0,4,,1.4833
hybrid_aco_sa,30,0.5,6,530006,9,0,2,,1.8845
hybrid_ga_sa,30,0.5,6,530006,7,0,0,,68.2103
sa,30,0.5,6,530006,13,0,6,,0.3332
aco,30,0.5,7,530007,12,0,3,,48.4775
dsatur,30,0.5,7,530007,9,0,0,,0.0005
ga,30,0.5,7,530007,11,0,2,,1.3751
gae,30,0.5,7,530007,11,0,2,,1.4803
hybrid_aco_sa,30,0.5,7,530007,8,0,-1,,1.8842
hybrid_ga_sa,30,0.5,7,530007,7,0,-2,,67.8487
sa,30,0.5,7,530007,13,0,4,,0.3312
aco,30,0.5,8,530008,12,0,3,,47.9394
dsatur,30,0.5,8,530008,9,0,0,,0.0005
ga,30,0.5,8,530008,11,0,2,,1.3893
gae,30,0.5,8,530008,10,0,1,,1.4725
hybrid_aco_sa,30,0.5,8,530008,8,0,-1,,1.8781
hybrid_ga_sa,30,0.5,8,530008,7,0,-2,,67.9123
sa,30,0.5,8,530008,12,0,3,,0.3314
aco,30,0.5,9,530009,10,0,2,,48.1326
dsatur,30,0.5,9,530009,8,0,0,,0.0004
ga,30,0.5,9,530009,11,0,3,,1.3913
gae,30,0.5,9,530009,10,0,2,,1.4741
hybrid_aco_sa,30,0.5,9,530009,9,0,1,,1.8925
hybrid_ga_sa,30,0.5,9,530009,8,0,0,,68.2664
sa,30,0.5,9,530009,14,0,6,,0.3326
aco,30,0.5,10,530010,10,0,3,,48.0822
dsatur,30,0.5,10,530010,7,0,0,,0.0005
ga,30,0.5,10,530010,10,0,3,,1.3747
gae,30,0.5,10,530010,11,0,4,,1.4506
hybrid_aco_sa,30,0.5,10,530010,9,0,2,,1.8759
hybrid_ga_sa,30,0.5,10,530010,7,0,0,,67.3395
sa,30,0.5,10,530010,12,0,5,,0.3323
aco,30,0.5,11,530011,12,0,3,,48.7641
dsatur,30,0.5,11,530011,9,0,0,,0.0005
ga,30,0.5,11,530011,11,0,2,,1.4024
gae,30,0.5,11,530011,12,0,3,,1.4879
hybrid_aco_sa,30,0.5,11,530011,9,0,0,,1.9087
hybrid_ga_sa,30,0.5,11,530011,8,0,-1,,68.8248
sa,30,0.5,11,530011,14,0,5,,0.3378
aco,30,0.5,12,530012,11,0,2,,48.8385
dsatur,30,0.5,12,530012,9,0,0,,0.0005
ga,30,0.5,12,530012,10,0,1,,1.4287
gae,30,0.5,12,530012,10,0,1,,1.5087
hybrid_aco_sa,30,0.5,12,530012,9,0,0,,1.9155
hybrid_ga_sa,30,0.5,12,530012,8,0,-1,,69.7232
sa,30,0.5,12,530012,13,0,4,,0.3416
aco,30,0.5,13,530013,11,0,3,,47.7007
dsatur,30,0.5,13,530013,8,0,0,,0.0004
ga,30,0.5,13,530013,12,0,4,,1.3634
gae,30,0.5,13,530013,11,0,3,,1.4399
hybrid_aco_sa,30,0.5,13,530013,9,0,1,,1.8789
hybrid_ga_sa,30,0.5,13,530013,7,0,-1,,67.3459
sa,30,0.5,13,530013,12,0,4,,0.3314
aco,30,0.5,14,530014,11,0,3,,48.1797
dsatur,30,0.5,14,530014,8,0,0,,0.0005
ga,30,0.5,14,530014,11,0,3,,1.3929
gae,30,0.5,14,530014,10,0,2,,1.4869
hybrid_aco_sa,30,0.5,14,530014,9,0,1,,1.8858
hybrid_ga_sa,30,0.5,14,530014,7,0,-1,,68.1376
sa,30,0.5,14,530014,13,0,5,,0.3336
aco,30,0.5,15,530015,10,0,2,,47.8323
dsatur,30,0.5,15,530015,8,0,0,,0.0005
ga,30,0.5,15,530015,10,0,2,,1.3427
gae,30,0.5,15,530015,9,0,1,,1.4251
hybrid_aco_sa,30,0.5,15,530015,9,0,1,,1.8644
hybrid_ga_sa,30,0.5,15,530015,7,0,-1,,67.2231
sa,30,0.5,15,530015,12,0,4,,0.3298
aco,30,0.5,16,530016,10,0,2,,47.4075
dsatur,30,0.5,16,530016,8,0,0,,0.0005
ga,30,0.5,16,530016,10,0,2,,1.3354
gae,30,0.5,16,530016,11,0,3,,1.419
hybrid_aco_sa,30,0.5,16,530016,9,0,1,,1.8517
hybrid_ga_sa,30,0.5,16,530016,7,0,-1,,66.6401
sa,30,0.5,16,530016,11,0,3,,0.3267
aco,30,0.5,17,530017,11,0,4,,46.9559
dsatur,30,0.5,17,530017,7,0,0,,0.0004
ga,30,0.5,17,530017,9,0,2,,1.306
gae,30,0.5,17,530017,10,0,3,,1.3933
hybrid_aco_sa,30,0.5,17,530017,9,0,2,,1.8421
hybrid_ga_sa,30,0.5,17,530017,7,0,0,,65.6871
sa,30,0.5,17,530017,13,0,6,,0.3209
aco,30,0.5,18,530018,10,0,3,,47.5693
dsatur,30,0.5,18,530018,7,0,0,,0.0004
ga,30,0.5,18,530018,10,0,3,,1.3572
gae,30,0.5,18,530018,10,0,3,,1.4346
hybrid_aco_sa,30,0.5,18,530018,9,0,2,,1.86
hybrid_ga_sa,30,0.5,18,530018,7,0,0,,66.9168
sa,30,0.5,18,530018,13,0,6,,0.3262
aco,30,0.5,19,530019,12,0,5,,48.2938
dsatur,30,0.5,19,530019,7,0,0,,0.0005
ga,30,0.5,19,530019,10,0,3,,1.3923
gae,30,0.5,19,530019,10,0,3,,1.474
hybrid_aco_sa,30,0.5,19,530019,9,0,2,,1.8814
hybrid_ga_sa,30,0.5,19,530019,7,0,0,,67.9787
sa,30,0.5,19,530019,13,0,6,,0.3306
aco,30,0.7,0,730000,14,0,3,,51.1695
dsatur,30,0.7,0,730000,11,0,0,,0.0005
ga,30,0.7,0,730000,12,0,1,,1.6068
gae,30,0.7,0,730000,12,0,1,,1.7077
hybrid_aco_sa,30,0.7,0,730000,11,0,0,,1.9892
hybrid_ga_sa,30,0.7,0,730000,10,0,-1,,74.2265
sa,30,0.7,0,730000,15,0,4,,0.3661
aco,30,0.7,1,730001,12,0,1,,50.9114
dsatur,30,0.7,1,730001,11,0,0,,0.0005
ga,30,0.7,1,730001,14,0,3,,1.6478
gae,30,0.7,1,730001,12,0,1,,1.7328
hybrid_aco_sa,30,0.7,1,730001,10,0,-1,,2.0184
hybrid_ga_sa,30,0.7,1,730001,10,0,-1,,74.5327
sa,30,0.7,1,730001,16,0,5,,0.3688
aco,30,0.7,2,730002,12,0,1,,50.5114
dsatur,30,0.7,2,730002,11,0,0,,0.0005
ga,30,0.7,2,730002,13,0,2,,1.6139
gae,30,0.7,2,730002,14,0,3,,1.7228
hybrid_aco_sa,30,0.7,2,730002,10,0,-1,,1.9883
hybrid_ga_sa,30,0.7,2,730002,10,0,-1,,74.0295
sa,30,0.7,2,730002,15,0,4,,0.3633
aco,30,0.7,3,730003,14,0,4,,50.5479
dsatur,30,0.7,3,730003,10,0,0,,0.0005
ga,30,0.7,3,730003,13,0,3,,1.6247
gae,30,0.7,3,730003,13,0,3,,1.7026
hybrid_aco_sa,30,0.7,3,730003,11,0,1,,2.0108
hybrid_ga_sa,30,0.7,3,730003,10,0,0,,73.9057
sa,30,0.7,3,730003,14,0,4,,0.3653
aco,30,0.7,4,730004,14,0,3,,51.2305
dsatur,30,0.7,4,730004,11,0,0,,0.0005
ga,30,0.7,4,730004,14,0,3,,1.6914
gae,30,0.7,4,730004,13,0,2,,1.769
hybrid_aco_sa,30,0.7,4,730004,11,0,0,,2.0328
hybrid_ga_sa,30,0.7,4,730004,10,0,-1,,75.4221
sa,30,0.7,4,730004,16,0,5,,0.3726
aco,30,0.7,5,730005,14,0,4,,51.3699
dsatur,30,0.7,5,730005,10,0,0,,0.0005
ga,30,0.7,5,730005,13,0,3,,1.6388
gae,30,0.7,5,730005,12,0,2,,1.7483
hybrid_aco_sa,30,0.7,5,730005,11,0,1,,2.0271
hybrid_ga_sa,30,0.7,5,730005,10,0,0,,75.0691
sa,30,0.7,5,730005,15,0,5,,0.3734
aco,30,0.7,6,730006,13,0,2,,50.3964
dsatur,30,0.7,6,730006,11,0,0,,0.0005
ga,30,0.7,6,730006,13,0,2,,1.593
gae,30,0.7,6,730006,13,0,2,,1.6866
hybrid_aco_sa,30,0.7,6,730006,10,0,-1,,1.9943
hybrid_ga_sa,30,0.7,6,730006,10,0,-1,,73.2891
sa,30,0.7,6,730006,15,0,4,,0.3607
aco,30,0.7,7,730007,12,0,2,,50.573
dsatur,30,0.7,7,730007,10,0,0,,0.0005
ga,30,0.7,7,730007,11,0,1,,1.5874
gae,30,0.7,7,730007,13,0,3,,1.6783
hybrid_aco_sa,30,0.7,7,730007,10,0,0,,1.9843
hybrid_ga_sa,30,0.7,7,730007,9,0,-1,,72.5915
sa,30,0.7,7,730007,14,0,4,,0.3556
aco,30,0.7,8,730008,12,0,1,,50.3163
dsatur,30,0.7,8,730008,11,0,0,,0.0005
ga,30,0.7,8,730008,13,0,2,,1.6003
gae,30,0.7,8,730008,13,0,2,,1.6931
hybrid_aco_sa,30,0.7,8,730008,11,0,0,,1.9845
hybrid_ga_sa,30,0.7,8,730008,10,0,-1,,73.3199
sa,30,0.7,8,730008,16,0,5,,0.3621
aco,30,0.7,9,730009,13,0,2,,51.0217
dsatur,30,0.7,9,730009,11,0,0,,0.0005
ga,30,0.7,9,730009,13,0,2,,1.6008
gae,30,0.7,9,730009,12,0,1,,1.6942
hybrid_aco_sa,30,0.7,9,730009,10,0,-1,,1.9948
hybrid_ga_sa,30,0.7,9,730009,10,0,-1,,73.7996
sa,30,0.7,9,730009,16,0,5,,0.3598
aco,30,0.7,10,730010,12,0,2,,50.3673
dsatur,30,0.7,10,730010,10,0,0,,0.0005
ga,30,0.7,10,730010,12,0,2,,1.6134
gae,30,0.7,10,730010,14,0,4,,1.7134
hybrid_aco_sa,30,0.7,10,730010,10,0,0,,1.9983
hybrid_ga_sa,30,0.7,10,730010,9,0,-1,,73.5586
sa,30,0.7,10,730010,15,0,5,,0.3625
aco,30,0.7,11,730011,13,0,4,,50.9354
dsatur,30,0.7,11,730011,9,0,0,,0.0005
ga,30,0.7,11,730011,13,0,4,,1.6322
gae,30,0.7,11,730011,12,0,3,,1.7206
hybrid_aco_sa,30,0.7,11,730011,10,0,1,,1.9969
hybrid_ga_sa,30,0.7,11,730011,9,0,0,,73.8829
sa,30,0.7,11,730011,14,0,5,,0.3635
aco,30,0.7,12,730012,12,0,1,,51.2043
dsatur,30,0.7,12,730012,11,0,0,,0.0005
ga,30,0.7,12,730012,14,0,3,,1.6341
gae,30,0.7,12,730012,13,0,2,,1.7266
hybrid_aco_sa,30,0.7,12,730012,12,0,1,,2.0063
hybrid_ga_sa,30,0.7,12,730012,10,0,-1,,73.9934
sa,30,0.7,12,730012,16,0,5,,0.3656
aco,30,0.7,13,730013,12,0,1,,50.2624
dsatur,30,0.7,13,730013,11,0,0,,0.0005
ga,30,0.7,13,730013,12,0,1,,1.5843
gae,30,0.7,13,730013,12,0,1,,1.6691
hybrid_aco_sa,30,0.7,13,730013,11,0,0,,1.9808
hybrid_ga_sa,30,0.7,13,730013,9,0,-2,,73.2928
sa,30,0.7,13,730013,16,0,5,,0.3598
aco,30,0.7,14,730014,13,0,2,,50.6273
dsatur,30,0.7,14,730014,11,0,0,,0.0005
ga,30,0.7,14,730014,13,0,2,,1.6318
gae,30,0.7,14,730014,12,0,1,,1.7207
hybrid_aco_sa,30,0.7,14,730014,10,0,-1,,1.9995
hybrid_ga_sa,30,0.7,14,730014,10,0,-1,,73.9704
sa,30,0.7,14,730014,14,0,3,,0.3668
aco,30,0.7,15,730015,13,0,2,,51.2871
dsatur,30,0.7,15,730015,11,0,0,,0.0005
ga,30,0.7,15,730015,13,0,2,,1.6861
gae,30,0.7,15,730015,13,0,2,,1.776
hybrid_aco_sa,30,0.7,15,730015,11,0,0,,2.0179
hybrid_ga_sa,30,0.7,15,730015,11,0,0,,74.7822
sa,30,0.7,15,730015,15,0,4,,0.3695
aco,30,0.7,16,730016,14,0,3,,50.6836
dsatur,30,0.7,16,730016,11,0,0,,0.0005
ga,30,0.7,16,730016,14,0,3,,1.6392
gae,30,0.7,16,730016,14,0,3,,1.7098
hybrid_aco_sa,30,0.7,16,730016,11,0,0,,1.9979
hybrid_ga_sa,30,0.7,16,730016,10,0,-1,,73.7275
sa,30,0.7,16,730016,16,0,5,,0.3675
aco,30,0.7,17,730017,13,0,3,,50.1404
dsatur,30,0.7,17,730017,10,0,0,,0.0005
ga,30,0.7,17,730017,13,0,3,,1.5976
gae,30,0.7,17,730017,12,0,2,,1.6933
hybrid_aco_sa,30,0.7,17,730017,11,0,1,,1.9789
hybrid_ga_sa,30,0.7,17,730017,10,0,0,,73.4145
sa,30,0.7,17,730017,17,0,7,,0.3621
aco,30,0.7,18,730018,12,0,1,,50.9926
dsatur,30,0.7,18,730018,11,0,0,,0.0005
ga,30,0.7,18,730018,12,0,1,,1.6352
gae,30,0.7,18,730018,12,0,1,,1.7399
hybrid_aco_sa,30,0.7,18,730018,11,0,0,,1.9954
hybrid_ga_sa,30,0.7,18,730018,10,0,-1,,73.9918
sa,30,0.7,18,730018,15,0,4,,0.3638
aco,30,0.7,19,730019,13,0,3,,50.3773
dsatur,30,0.7,19,730019,10,0,0,,0.0005
ga,30,0.7,19,730019,11,0,1,,1.5924
gae,30,0.7,19,730019,11,0,1,,1.6918
hybrid_aco_sa,30,0.7,19,730019,11,0,1,,1.9882
hybrid_ga_sa,30,0.7,19,730019,9,0,-1,,73.3594
sa,30,0.7,19,730019,14,0,4,,0.3614
aco,40,0.3,0,340000,13,0,6,,63.0293
dsatur,40,0.3,0,340000,7,0,0,,0.0008
ga,40,0.3,0,340000,12,0,5,,1.6102
gae,40,0.3,0,340000,12,0,5,,1.7229
hybrid_aco_sa,40,0.3,0,340000,9,0,2,,2.4604
hybrid_ga_sa,40,0.3,0,340000,7,0,0,,87.507
sa,40,0.3,0,340000,17,0,10,,0.4227
aco,40,0.3,1,340001,12,0,5,,62.9344
dsatur,40,0.3,1,340001,7,0,0,,0.0007
ga,40,0.3,1,340001,12,0,5,,1.638
gae,40,0.3,1,340001,13,0,6,,1.7299
hybrid_aco_sa,40,0.3,1,340001,10,0,3,,2.4558
hybrid_ga_sa,40,0.3,1,340001,7,0,0,,87.0723
sa,40,0.3,1,340001,15,0,8,,0.4158
aco,40,0.3,2,340002,13,0,6,,62.9934
dsatur,40,0.3,2,340002,7,0,0,,0.0007
ga,40,0.3,2,340002,13,0,6,,1.6499
gae,40,0.3,2,340002,11,0,4,,1.7454
hybrid_aco_sa,40,0.3,2,340002,9,0,2,,2.4764
hybrid_ga_sa,40,0.3,2,340002,7,0,0,,87.4526
sa,40,0.3,2,340002,15,0,8,,0.4259
aco,40,0.3,3,340003,15,0,9,,61.9274
dsatur,40,0.3,3,340003,6,0,0,,0.0007
ga,40,0.3,3,340003,12,0,6,,1.5922
gae,40,0.3,3,340003,11,0,5,,1.6779
hybrid_aco_sa,40,0.3,3,340003,9,0,3,,2.4305
hybrid_ga_sa,40,0.3,3,340003,7,0,1,,85.2894
sa,40,0.3,3,340003,15,0,9,,0.4059
aco,40,0.3,4,340004,13,0,7,,62.1793
dsatur,40,0.3,4,340004,6,0,0,,0.0007
ga,40,0.3,4,340004,13,0,7,,1.5854
gae,40,0.3,4,340004,11,0,5,,1.6839
hybrid_aco_sa,40,0.3,4,340004,10,0,4,,2.4253
hybrid_ga_sa,40,0.3,4,340004,7,0,1,,85.8158
sa,40,0.3,4,340004,13,0,7,,0.4089
aco,40,0.3,5,340005,12,0,5,,62.4512
dsatur,40,0.3,5,340005,7,0,0,,0.0007
ga,40,0.3,5,340005,12,0,5,,1.6007
gae,40,0.3,5,340005,12,0,5,,1.706
hybrid_aco_sa,40,0.3,5,340005,9,0,2,,2.4449
hybrid_ga_sa,40,0.3,5,340005,8,0,1,,86.8521
sa,40,0.3,5,340005,14,0,7,,0.4133
aco,40,0.3,6,340006,12,0,6,,61.3595
dsatur,40,0.3,6,340006,6,0,0,,0.0007
ga,40,0.3,6,340006,11,0,5,,1.5264
gae,40,0.3,6,340006,11,0,5,,1.6217
hybrid_aco_sa,40,0.3,6,340006,10,0,4,,2.3909
hybrid_ga_sa,40,0.3,6,340006,7,0,1,,84.8856
sa,40,0.3,6,340006,15,0,9,,0.4035
aco,40,0.3,7,340007,13,0,7,,62.5139
dsatur,40,0.3,7,340007,6,0,0,,0.0007
ga,40,0.3,7,340007,11,0,5,,1.5885
gae,40,0.3,7,340007,13,0,7,,1.686
hybrid_aco_sa,40,0.3,7,340007,10,0,4,,2.435
hybrid_ga_sa,40,0.3,7,340007,7,0,1,,86.2728
sa,40,0.3,7,340007,16,0,10,,0.4071
aco,40,0.3,8,340008,13,0,6,,62.5104
dsatur,40,0.3,8,340008,7,0,0,,0.0007
ga,40,0.3,8,340008,11,0,4,,1.6228
gae,40,0.3,8,340008,11,0,4,,1.7152
hybrid_aco_sa,40,0.3,8,340008,9,0,2,,2.4355
hybrid_ga_sa,40,0.3,8,340008,7,0,0,,86.0942
sa,40,0.3,8,340008,17,0,10,,0.4124
aco,40,0.3,9,340009,12,0,6,,62.3839
dsatur,40,0.3,9,340009,6,0,0,,0.0007
ga,40,0.3,9,340009,12,0,6,,1.619
gae,40,0.3,9,340009,13,0,7,,1.7101
hybrid_aco_sa,40,0.3,9,340009,10,0,4,,2.4411
hybrid_ga_sa,40,0.3,9,340009,8,0,2,,86.2925
sa,40,0.3,9,340009,14,0,8,,0.4149
aco,40,0.3,10,340010,13,0,7,,62.0132
dsatur,40,0.3,10,340010,6,0,0,,0.0007
ga,40,0.3,10,340010,13,0,7,,1.5809
gae,40,0.3,10,340010,12,0,6,,1.6656
hybrid_aco_sa,40,0.3,10,340010,10,0,4,,2.4308
hybrid_ga_sa,40,0.3,10,340010,7,0,1,,85.3486
sa,40,0.3,10,340010,14,0,8,,0.4087
aco,40,0.3,11,340011,13,0,7,,61.6174
dsatur,40,0.3,11,340011,6,0,0,,0.0007
ga,40,0.3,11,340011,11,0,5,,1.5973
gae,40,0.3,11,340011,12,0,6,,1.6904
hybrid_aco_sa,40,0.3,11,340011,10,0,4,,2.4248
hybrid_ga_sa,40,0.3,11,340011,7,0,1,,85.8661
sa,40,0.3,11,340011,15,0,9,,0.4099
aco,40,0.3,12,340012,13,0,7,,62.0299
dsatur,40,0.3,12,340012,6,0,0,,0.0007
ga,40,0.3,12,340012,10,0,4,,1.5644
gae,40,0.3,12,340012,11,0,5,,1.646
hybrid_aco_sa,40,0.3,12,340012,9,0,3,,2.4143
hybrid_ga_sa,40,0.3,12,340012,7,0,1,,85.2586
sa,40,0.3,12,340012,16,0,10,,0.4073
aco,40,0.3,13,340013,14,0,7,,61.6693
dsatur,40,0.3,13,340013,7,0,0,,0.0007
ga,40,0.3,13,340013,11,0,4,,1.568
gae,40,0.3,13,340013,12,0,5,,1.6578
hybrid_aco_sa,40,0.3,13,340013,10,0,3,,2.4082
hybrid_ga_sa,40,0.3,13,340013,7,0,0,,86.1199
sa,40,0.3,13,340013,15,0,8,,0.4103
aco,40,0.3,14,340014,12,0,6,,61.9727
dsatur,40,0.3,14,340014,6,0,0,,0.0007
ga,40,0.3,14,340014,12,0,6,,1.5762
gae,40,0.3,14,340014,11,0,5,,1.6701
hybrid_aco_sa,40,0.3,14,340014,9,0,3,,2.4115
hybrid_ga_sa,40,0.3,14,340014,7,0,1,,85.2665
sa,40,0.3,14,340014,17,0,11,,0.4037
aco,40,0.3,15,340015,13,0,5,,63.5092
dsatur,40,0.3,15,340015,8,0,0,,0.0007
ga,40,0.3,15,340015,12,0,4,,1.6628
gae,40,0.3,15,340015,13,0,5,,1.7584
hybrid_aco_sa,40,0.3,15,340015,9,0,1,,2.4655
hybrid_ga_sa,40,0.3,15,340015,8,0,0,,87.7308
sa,40,0.3,15,340015,15,0,7,,0.4243
aco,40,0.3,16,340016,13,0,7,,61.3447
dsatur,40,0.3,16,340016,6,0,0,,0.0007
ga,40,0.3,16,340016,12,0,6,,1.538
gae,40,0.3,16,340016,12,0,6,,1.6307
hybrid_aco_sa,40,0.3,16,340016,9,0,3,,2.4002
hybrid_ga_sa,40,0.3,16,340016,7,0,1,,84.679
sa,40,0.3,16,340016,15,0,9,,0.4007
aco,40,0.3,17,340017,13,0,6,,62.675
dsatur,40,0.3,17,340017,7,0,0,,0.0007
ga,40,0.3,17,340017,12,0,5,,1.642
gae,40,0.3,17,340017,12,0,5,,1.7361
hybrid_aco_sa,40,0.3,17,340017,10,0,3,,2.4512
hybrid_ga_sa,40,0.3,17,340017,7,0,0,,86.7579
sa,40,0.3,17,340017,17,0,10,,0.4174
aco,40,0.3,18,340018,14,0,8,,61.8516
dsatur,40,0.3,18,340018,6,0,0,,0.0007
ga,40,0.3,18,340018,11,0,5,,1.5857
gae,40,0.3,18,340018,12,0,6,,1.6766
hybrid_aco_sa,40,0.3,18,340018,10,0,4,,2.4179
hybrid_ga_sa,40,0.3,18,340018,8,0,2,,85.4172
sa,40,0.3,18,340018,16,0,10,,0.4092
aco,40,0.3,19,340019,13,0,7,,62.2303
dsatur,40,0.3,19,340019,6,0,0,,0.0007
ga,40,0.3,19,340019,11,0,5,,1.6118
gae,40,0.3,19,340019,13,0,7,,1.7017
hybrid_aco_sa,40,0.3,19,340019,9,0,3,,2.4233
hybrid_ga_sa,40,0.3,19,340019,7,0,1,,86.1304
sa,40,0.3,19,340019,17,0,11,,0.4089
aco,40,0.5,0,540000,14,0,5,,68.1903
dsatur,40,0.5,0,540000,9,0,0,,0.001
ga,40,0.5,0,540000,15,0,6,,2.0962
gae,40,0.5,0,540000,14,0,5,,2.2516
hybrid_aco_sa,40,0.5,0,540000,11,0,2,,2.6802
hybrid_ga_sa,40,0.5,0,540000,9,0,0,,99.0885
sa,40,0.5,0,540000,16,0,7,,0.4854
aco,40,0.5,1,540001,15,0,5,,67.4539
dsatur,40,0.5,1,540001,10,0,0,,0.0008
ga,40,0.5,1,540001,15,0,5,,2.0727
gae,40,0.5,1,540001,15,0,5,,2.2301
hybrid_aco_sa,40,0.5,1,540001,12,0,2,,2.6627
hybrid_ga_sa,40,0.5,1,540001,9,0,-1,,98.1447
sa,40,0.5,1,540001,17,0,7,,0.4835
aco,40,0.5,2,540002,14,0,4,,67.3745
dsatur,40,0.5,2,540002,10,0,0,,0.0007
ga,40,0.5,2,540002,15,0,5,,2.0919
gae,40,0.5,2,540002,14,0,4,,2.1931
hybrid_aco_sa,40,0.5,2,540002,11,0,1,,2.6666
hybrid_ga_sa,40,0.5,2,540002,9,0,-1,,98.0448
sa,40,0.5,2,540002,16,0,6,,0.4814
aco,40,0.5,3,540003,14,0,4,,67.558
dsatur,40,0.5,3,540003,10,0,0,,0.0007
ga,40,0.5,3,540003,14,0,4,,2.096
gae,40,0.5,3,540003,14,0,4,,2.2014
hybrid_aco_sa,40,0.5,3,540003,12,0,2,,2.6463
hybrid_ga_sa,40,0.5,3,540003,9,0,-1,,97.8338
sa,40,0.5,3,540003,17,0,7,,0.4781
aco,40,0.5,4,540004,16,0,6,,66.8992
dsatur,40,0.5,4,540004,10,0,0,,0.0007
ga,40,0.5,4,540004,15,0,5,,2.0325
gae,40,0.5,4,540004,14,0,4,,2.1732
hybrid_aco_sa,40,0.5,4,540004,11,0,1,,2.636
hybrid_ga_sa,40,0.5,4,540004,8,0,-2,,97.3392
sa,40,0.5,4,540004,17,0,7,,0.474
aco,40,0.5,5,540005,14,0,4,,68.2355
dsatur,40,0.5,5,540005,10,0,0,,0.0007
ga,40,0.5,5,540005,14,0,4,,2.1402
gae,40,0.5,5,540005,14,0,4,,2.2608
hybrid_aco_sa,40,0.5,5,540005,12,0,2,,2.6913
hybrid_ga_sa,40,0.5,5,540005,9,0,-1,,100.2889
sa,40,0.5,5,540005,17,0,7,,0.4908
aco,40,0.5,6,540006,14,0,5,,66.9066
dsatur,40,0.5,6,540006,9,0,0,,0.0007
ga,40,0.5,6,540006,14,0,5,,2.0328
gae,40,0.5,6,540006,15,0,6,,2.1498
hybrid_aco_sa,40,0.5,6,540006,11,0,2,,2.6621
hybrid_ga_sa,40,0.5,6,540006,9,0,0,,96.7855
sa,40,0.5,6,540006,18,0,9,,0.4737
aco,40,0.5,7,540007,13,0,5,,66.9785
dsatur,40,0.5,7,540007,8,0,0,,0.0007
ga,40,0.5,7,540007,13,0,5,,2.0324
gae,40,0.5,7,540007,14,0,6,,2.1358
hybrid_aco_sa,40,0.5,7,540007,11,0,3,,2.6028
hybrid_ga_sa,40,0.5,7,540007,9,0,1,,96.3051
sa,40,0.5,7,540007,18,0,10,,0.4726
aco,40,0.5,8,540008,15,0,5,,68.1159
dsatur,40,0.5,8,540008,10,0,0,,0.0007
ga,40,0.5,8,540008,15,0,5,,2.1149
gae,40,0.5,8,540008,15,0,5,,2.2453
hybrid_aco_sa,40,0.5,8,540008,12,0,2,,2.6782
hybrid_ga_sa,40,0.5,8,540008,9,0,-1,,98.6916
sa,40,0.5,8,540008,18,0,8,,0.4857
aco,40,0.5,9,540009,16,0,6,,68.1236
dsatur,40,0.5,9,540009,10,0,0,,0.0007
ga,40,0.5,9,540009,13,0,3,,2.1316
gae,40,0.5,9,540009,15,0,5,,2.2296
hybrid_aco_sa,40,0.5,9,540009,12,0,2,,2.6926
hybrid_ga_sa,40,0.5,9,540009,10,0,0,,98.4396
sa,40,0.5,9,540009,17,0,7,,0.485
aco,40,0.5,10,540010,15,0,4,,67.7216
dsatur,40,0.5,10,540010,11,0,0,,0.0007
ga,40,0.5,10,540010,14,0,3,,2.1179
gae,40,0.5,10,540010,14,0,3,,2.2214
hybrid_aco_sa,40,0.5,10,540010,13,0,2,,2.666
hybrid_ga_sa,40,0.5,10,540010,10,0,-1,,98.7697
sa,40,0.5,10,540010,17,0,6,,0.482
aco,40,0.5,11,540011,14,0,4,,67.5769
dsatur,40,0.5,11,540011,10,0,0,,0.0007
ga,40,0.5,11,540011,14,0,4,,2.1034
gae,40,0.5,11,540011,14,0,4,,2.245
hybrid_aco_sa,40,0.5,11,540011,12,0,2,,2.6615
hybrid_ga_sa,40,0.5,11,540011,10,0,0,,97.8937
sa,40,0.5,11,540011,19,0,9,,0.4816
aco,40,0.5,12,540012,15,0,5,,66.6308
dsatur,40,0.5,12,540012,10,0,0,,0.0007
ga,40,0.5,12,540012,14,0,4,,2.0171
gae,40,0.5,12,540012,13,0,3,,2.1398
hybrid_aco_sa,40,0.5,12,540012,11,0,1,,2.6238
hybrid_ga_sa,40,0.5,12,540012,8,0,-2,,97.1285
sa,40,0.5,12,540012,16,0,6,,0.4712
aco,40,0.5,13,540013,15,0,6,,66.9183
dsatur,40,0.5,13,540013,9,0,0,,0.0007
ga,40,0.5,13,540013,14,0,5,,2.0106
gae,40,0.5,13,540013,15,0,6,,2.1265
hybrid_aco_sa,40,0.5,13,540013,11,0,2,,2.6197
hybrid_ga_sa,40,0.5,13,540013,9,0,0,,96.5048
sa,40,0.5,13,540013,17,0,8,,0.4735
aco,40,0.5,14,540014,14,0,5,,66.06
dsatur,40,0.5,14,540014,9,0,0,,0.0007
ga,40,0.5,14,540014,13,0,4,,1.9923
gae,40,0.5,14,540014,15,0,6,,2.1139
hybrid_aco_sa,40,0.5,14,540014,12,0,3,,2.6067
hybrid_ga_sa,40,0.5,14,540014,8,0,-1,,96.0974
sa,40,0.5,14,540014,17,0,8,,0.4658
aco,40,0.5,15,540015,14,0,5,,66.7791
dsatur,40,0.5,15,540015,9,0,0,,0.0007
ga,40,0.5,15,540015,16,0,7,,2.0381
gae,40,0.5,15,540015,16,0,7,,2.1502
hybrid_aco_sa,40,0.5,15,540015,12,0,3,,2.6274
hybrid_ga_sa,40,0.5,15,540015,9,0,0,,96.7872
sa,40,0.5,15,540015,18,0,9,,0.4693
aco,40,0.5,16,540016,14,0,5,,66.8675
dsatur,40,0.5,16,540016,9,0,0,,0.0007
ga,40,0.5,16,540016,14,0,5,,2.0527
gae,40,0.5,16,540016,15,0,6,,2.168
hybrid_aco_sa,40,0.5,16,540016,12,0,3,,2.6333
hybrid_ga_sa,40,0.5,16,540016,9,0,0,,97.4654
sa,40,0.5,16,540016,18,0,9,,0.4758
aco,40,0.5,17,540017,15,0,4,,67.1234
dsatur,40,0.5,17,540017,11,0,0,,0.0007
ga,40,0.5,17,540017,15,0,4,,2.1019
gae,40,0.5,17,540017,14,0,3,,2.2316
hybrid_aco_sa,40,0.5,17,540017,11,0,0,,2.6508
hybrid_ga_sa,40,0.5,17,540017,9,0,-2,,97.81
sa,40,0.5,17,540017,17,0,6,,0.4765
aco,40,0.5,18,540018,15,0,5,,67.5382
dsatur,40,0.5,18,540018,10,0,0,,0.0007
ga,40,0.5,18,540018,15,0,5,,2.0941
gae,40,0.5,18,540018,15,0,5,,2.2224
hybrid_aco_sa,40,0.5,18,540018,11,0,1,,2.6588
hybrid_ga_sa,40,0.5,18,540018,9,0,-1,,97.9953
sa,40,0.5,18,540018,18,0,8,,0.4787
aco,40,0.5,19,540019,14,0,4,,66.4477
dsatur,40,0.5,19,540019,10,0,0,,0.0007
ga,40,0.5,19,540019,14,0,4,,1.9993
gae,40,0.5,19,540019,13,0,3,,2.2345
hybrid_aco_sa,40,0.5,19,540019,12,0,2,,2.6189
hybrid_ga_sa,40,0.5,19,540019,9,0,-1,,96.2702
sa,40,0.5,19,540019,17,0,7,,0.4677
aco,40,0.7,0,740000,17,0,4,,73.394
dsatur,40,0.7,0,740000,13,0,0,,0.0008
ga,40,0.7,0,740000,18,0,5,,2.5034
gae,40,0.7,0,740000,18,0,5,,2.7027
hybrid_aco_sa,40,0.7,0,740000,15,0,2,,2.8876
hybrid_ga_sa,40,0.7,0,740000,12,0,-1,,111.0384
sa,40,0.7,0,740000,22,0,9,,0.5536
aco,40,0.7,1,740001,17,0,4,,73.6755
dsatur,40,0.7,1,740001,13,0,0,,0.0008
ga,40,0.7,1,740001,19,0,6,,2.5488
gae,40,0.7,1,740001,18,0,5,,2.6863
hybrid_aco_sa,40,0.7,1,740001,14,0,1,,2.906
hybrid_ga_sa,40,0.7,1,740001,13,0,0,,111.5502
sa,40,0.7,1,740001,23,0,10,,0.5532
aco,40,0.7,2,740002,17,0,3,,72.8298
dsatur,40,0.7,2,740002,14,0,0,,0.0008
ga,40,0.7,2,740002,18,0,4,,2.5045
gae,40,0.7,2,740002,17,0,3,,2.6582
hybrid_aco_sa,40,0.7,2,740002,14,0,0,,2.8768
hybrid_ga_sa,40,0.7,2,740002,12,0,-2,,110.5973
sa,40,0.7,2,740002,20,0,6,,0.5485
aco,40,0.7,3,740003,16,0,2,,73.2728
dsatur,40,0.7,3,740003,14,0,0,,0.0008
ga,40,0.7,3,740003,17,0,3,,2.5556
gae,40,0.7,3,740003,18,0,4,,2.7107
hybrid_aco_sa,40,0.7,3,740003,14,0,0,,2.8924
hybrid_ga_sa,40,0.7,3,740003,12,0,-2,,110.2004
sa,40,0.7,3,740003,21,0,7,,0.5556
aco,40,0.7,4,740004,17,0,4,,73.3374
dsatur,40,0.7,4,740004,13,0,0,,0.0008
ga,40,0.7,4,740004,18,0,5,,2.5324
gae,40,0.7,4,740004,17,0,4,,2.6474
hybrid_aco_sa,40,0.7,4,740004,14,0,1,,2.8736
hybrid_ga_sa,40,0.7,4,740004,13,0,0,,109.8511
sa,40,0.7,4,740004,22,0,9,,0.5488
aco,40,0.7,5,740005,18,0,6,,72.7638
dsatur,40,0.7,5,740005,12,0,0,,0.0008
ga,40,0.7,5,740005,18,0,6,,2.4932
gae,40,0.7,5,740005,18,0,6,,2.6362
hybrid_aco_sa,40,0.7,5,740005,14,0,2,,2.8792
hybrid_ga_sa,40,0.7,5,740005,12,0,0,,109.9715
sa,40,0.7,5,740005,19,0,7,,0.5477
aco,40,0.7,6,740006,16,0,2,,73.0579
dsatur,40,0.7,6,740006,14,0,0,,0.0008
ga,40,0.7,6,740006,18,0,4,,2.4884
gae,40,0.7,6,740006,16,0,2,,2.6152
hybrid_aco_sa,40,0.7,6,740006,14,0,0,,2.8939
hybrid_ga_sa,40,0.7,6,740006,12,0,-2,,110.8113
sa,40,0.7,6,740006,21,0,7,,0.5487
aco,40,0.7,7,740007,17,0,4,,72.7267
dsatur,40,0.7,7,740007,13,0,0,,0.0008
ga,40,0.7,7,740007,17,0,4,,2.4722
gae,40,0.7,7,740007,19,0,6,,2.6048
hybrid_aco_sa,40,0.7,7,740007,14,0,1,,2.8709
hybrid_ga_sa,40,0.7,7,740007,12,0,-1,,109.0071
sa,40,0.7,7,740007,20,0,7,,0.5414
aco,40,0.7,8,740008,16,0,2,,72.7768
dsatur,40,0.7,8,740008,14,0,0,,0.0008
ga,40,0.7,8,740008,17,0,3,,2.4976
gae,40,0.7,8,740008,17,0,3,,2.6132
hybrid_aco_sa,40,0.7,8,740008,14,0,0,,2.8715
hybrid_ga_sa,40,0.7,8,740008,12,0,-2,,110.087
sa,40,0.7,8,740008,20,0,6,,0.5486
aco,40,0.7,9,740009,17,0,4,,72.9857
dsatur,40,0.7,9,740009,13,0,0,,0.0008
ga,40,0.7,9,740009,17,0,4,,2.5666
gae,40,0.7,9,740009,17,0,4,,2.6845
hybrid_aco_sa,40,0.7,9,740009,14,0,1,,2.895
hybrid_ga_sa,40,0.7,9,740009,13,0,0,,111.5815
sa,40,0.7,9,740009,21,0,8,,0.557
aco,40,0.7,10,740010,17,0,2,,72.5111
dsatur,40,0.7,10,740010,15,0,0,,0.0008
ga,40,0.7,10,740010,19,0,4,,2.5032
gae,40,0.7,10,740010,18,0,3,,2.6126
hybrid_aco_sa,40,0.7,10,740010,14,0,-1,,2.887
hybrid_ga_sa,40,0.7,10,740010,12,0,-3,,109.9322
sa,40,0.7,10,740010,21,0,6,,0.5434
aco,40,0.7,11,740011,17,0,4,,73.1924
dsatur,40,0.7,11,740011,13,0,0,,0.0008
ga,40,0.7,11,740011,17,0,4,,2.4799
gae,40,0.7,11,740011,18,0,5,,2.6078
hybrid_aco_sa,40,0.7,11,740011,14,0,1,,2.8761
hybrid_ga_sa,40,0.7,11,740011,13,0,0,,109.2658
sa,40,0.7,11,740011,19,0,6,,0.543
aco,40,0.7,12,740012,18,0,4,,72.4575
dsatur,40,0.7,12,740012,14,0,0,,0.0008
ga,40,0.7,12,740012,16,0,2,,2.4529
gae,40,0.7,12,740012,18,0,4,,2.6105
hybrid_aco_sa,40,0.7,12,740012,15,0,1,,2.8464
hybrid_ga_sa,40,0.7,12,740012,12,0,-2,,109.2666
sa,40,0.7,12,740012,19,0,5,,0.5416
aco,40,0.7,13,740013,19,0,6,,73.1755
dsatur,40,0.7,13,740013,13,0,0,,0.0008
ga,40,0.7,13,740013,17,0,4,,2.4991
gae,40,0.7,13,740013,18,0,5,,2.6537
hybrid_aco_sa,40,0.7,13,740013,15,0,2,,2.885
hybrid_ga_sa,40,0.7,13,740013,12,0,-1,,110.464
sa,40,0.7,13,740013,21,0,8,,0.5495
aco,40,0.7,14,740014,16,0,4,,72.4687
dsatur,40,0.7,14,740014,12,0,0,,0.0008
ga,40,0.7,14,740014,15,0,3,,2.4806
gae,40,0.7,14,740014,16,0,4,,2.612
hybrid_aco_sa,40,0.7,14,740014,14,0,2,,2.8967
hybrid_ga_sa,40,0.7,14,740014,12,0,0,,109.6417
sa,40,0.7,14,740014,20,0,8,,0.5379
aco,40,0.7,15,740015,17,0,3,,73.1941
dsatur,40,0.7,15,740015,14,0,0,,0.0008
ga,40,0.7,15,740015,18,0,4,,2.5176
gae,40,0.7,15,740015,16,0,2,,2.6302
hybrid_aco_sa,40,0.7,15,740015,14,0,0,,2.9096
hybrid_ga_sa,40,0.7,15,740015,12,0,-2,,110.6753
sa,40,0.7,15,740015,21,0,7,,0.5502
aco,40,0.7,16,740016,17,0,4,,72.7329
dsatur,40,0.7,16,740016,13,0,0,,0.0008
ga,40,0.7,16,740016,16,0,3,,2.4997
gae,40,0.7,16,740016,16,0,3,,2.6429
hybrid_aco_sa,40,0.7,16,740016,14,0,1,,2.8833
hybrid_ga_sa,40,0.7,16,740016,12,0,-1,,110.392
sa,40,0.7,16,740016,19,0,6,,0.5468
aco,40,0.7,17,740017,17,0,2,,73.6229
dsatur,40,0.7,17,740017,15,0,0,,0.0008
ga,40,0.7,17,740017,17,0,2,,2.5539
gae,40,0.7,17,740017,19,0,4,,2.6807
hybrid_aco_sa,40,0.7,17,740017,15,0,0,,2.9017
hybrid_ga_sa,40,0.7,17,740017,13,0,-2,,110.524
sa,40,0.7,17,740017,22,0,7,,0.5475
aco,40,0.7,18,740018,18,0,5,,73.4952
dsatur,40,0.7,18,740018,13,0,0,,0.0008
ga,40,0.7,18,740018,18,0,5,,2.557
gae,40,0.7,18,740018,20,0,7,,2.7413
hybrid_aco_sa,40,0.7,18,740018,15,0,2,,2.9078
hybrid_ga_sa,40,0.7,18,740018,13,0,0,,110.1646
sa,40,0.7,18,740018,20,0,7,,0.5465
aco,40,0.7,19,740019,18,0,5,,72.3296
dsatur,40,0.7,19,740019,13,0,0,,0.0008
ga,40,0.7,19,740019,17,0,4,,2.4947
gae,40,0.7,19,740019,17,0,4,,2.6338
hybrid_aco_sa,40,0.7,19,740019,14,0,1,,2.863
hybrid_ga_sa,40,0.7,19,740019,12,0,-1,,109.5499
sa,40,0.7,19,740019,19,0,6,,0.541
aco,50,0.3,0,350000,18,0,11,,80.1781
dsatur,50,0.3,0,350000,7,0,0,,0.0011
ga,50,0.3,0,350000,15,0,8,,2.1514
gae,50,0.3,0,350000,15,0,8,,2.2666
hybrid_aco_sa,50,0.3,0,350000,12,0,5,,3.128
hybrid_ga_sa,50,0.3,0,350000,8,0,1,,114.916
sa,50,0.3,0,350000,19,0,12,,0.5507
aco,50,0.3,1,350001,17,0,9,,79.5049
dsatur,50,0.3,1,350001,8,0,0,,0.0011
ga,50,0.3,1,350001,16,0,8,,2.1348
gae,50,0.3,1,350001,17,0,9,,2.2409
hybrid_aco_sa,50,0.3,1,350001,12,0,4,,3.1264
hybrid_ga_sa,50,0.3,1,350001,9,0,1,,112.5744
sa,50,0.3,1,350001,18,0,10,,0.544
aco,50,0.3,2,350002,17,0,9,,80.7565
dsatur,50,0.3,2,350002,8,0,0,,0.001
ga,50,0.3,2,350002,15,0,7,,2.2564
gae,50,0.3,2,350002,15,0,7,,2.3619
hybrid_aco_sa,50,0.3,2,350002,11,0,3,,3.1686
hybrid_ga_sa,50,0.3,2,350002,9,0,1,,114.4991
sa,50,0.3,2,350002,19,0,11,,0.5534
aco,50,0.3,3,350003,15,0,8,,79.2954
dsatur,50,0.3,3,350003,7,0,0,,0.001
ga,50,0.3,3,350003,16,0,9,,2.1126
gae,50,0.3,3,350003,16,0,9,,2.2304
hybrid_aco_sa,50,0.3,3,350003,12,0,5,,3.111
hybrid_ga_sa,50,0.3,3,350003,8,0,1,,112.0287
sa,50,0.3,3,350003,17,0,10,,0.5419
aco,50,0.3,4,350004,14,0,7,,80.3874
dsatur,50,0.3,4,350004,7,0,0,,0.001
ga,50,0.3,4,350004,16,0,9,,2.1721
gae,50,0.3,4,350004,16,0,9,,2.2925
hybrid_aco_sa,50,0.3,4,350004,11,0,4,,3.1365
hybrid_ga_sa,50,0.3,4,350004,9,0,2,,113.4921
sa,50,0.3,4,350004,19,0,12,,0.5496
aco,50,0.3,5,350005,16,0,9,,78.8417
dsatur,50,0.3,5,350005,7,0,0,,0.001
ga,50,0.3,5,350005,15,0,8,,2.0689
gae,50,0.3,5,350005,17,0,10,,2.1718
hybrid_aco_sa,50,0.3,5,350005,12,0,5,,3.0897
hybrid_ga_sa,50,0.3,5,350005,8,0,1,,111.1267
sa,50,0.3,5,350005,18,0,11,,0.5394
aco,50,0.3,6,350006,15,0,8,,79.3663
dsatur,50,0.3,6,350006,7,0,0,,0.001
ga,50,0.3,6,350006,16,0,9,,2.0596
gae,50,0.3,6,350006,16,0,9,,2.1692
hybrid_aco_sa,50,0.3,6,350006,11,0,4,,3.1035
hybrid_ga_sa,50,0.3,6,350006,8,0,1,,111.2993
sa,50,0.3,6,350006,19,0,12,,0.5445
aco,50,0.3,7,350007,15,0,8,,78.9446
dsatur,50,0.3,7,350007,7,0,0,,0.001
ga,50,0.3,7,350007,14,0,7,,2.0718
gae,50,0.3,7,350007,15,0,8,,2.1922
hybrid_aco_sa,50,0.3,7,350007,12,0,5,,3.1066
hybrid_ga_sa,50,0.3,7,350007,8,0,1,,111.6633
sa,50,0.3,7,350007,19,0,12,,0.5422
aco,50,0.3,8,350008,16,0,9,,79.1228
dsatur,50,0.3,8,350008,7,0,0,,0.001
ga,50,0.3,8,350008,17,0,10,,2.0487
gae,50,0.3,8,350008,14,0,7,,2.1612
hybrid_aco_sa,50,0.3,8,350008,12,0,5,,3.0909
hybrid_ga_sa,50,0.3,8,350008,9,0,2,,110.8658
sa,50,0.3,8,350008,20,0,13,,0.5366
aco,50,0.3,9,350009,17,0,10,,79.2182
dsatur,50,0.3,9,350009,7,0,0,,0.001
ga,50,0.3,9,350009,16,0,9,,2.0785
gae,50,0.3,9,350009,15,0,8,,2.178
hybrid_aco_sa,50,0.3,9,350009,11,0,4,,3.1042
hybrid_ga_sa,50,0.3,9,350009,8,0,1,,111.8907
sa,50,0.3,9,350009,18,0,11,,0.5416
aco,50,0.3,10,350010,16,0,9,,80.4654
dsatur,50,0.3,10,350010,7,0,0,,0.001
ga,50,0.3,10,350010,17,0,10,,2.183
gae,50,0.3,10,350010,16,0,9,,2.2974
hybrid_aco_sa,50,0.3,10,350010,12,0,5,,3.153
hybrid_ga_sa,50,0.3,10,350010,8,0,1,,114.2441
sa,50,0.3,10,350010,21,0,14,,0.5529
aco,50,0.3,11,350011,15,0,8,,78.9876
dsatur,50,0.3,11,350011,7,0,0,,0.001
ga,50,0.3,11,350011,15,0,8,,2.0762
gae,50,0.3,11,350011,14,0,7,,2.1911
hybrid_aco_sa,50,0.3,11,350011,11,0,4,,3.1009
hybrid_ga_sa,50,0.3,11,350011,8,0,1,,111.2531
sa,50,0.3,11,350011,19,0,12,,0.5354
aco,50,0.3,12,350012,15,0,7,,81.0939
dsatur,50,0.3,12,350012,8,0,0,,0.001
ga,50,0.3,12,350012,15,0,7,,2.2543
gae,50,0.3,12,350012,15,0,7,,2.3663
hybrid_aco_sa,50,0.3,12,350012,12,0,4,,3.2052
hybrid_ga_sa,50,0.3,12,350012,9,0,1,,115.6935
sa,50,0.3,12,350012,19,0,11,,0.5619
aco,50,0.3,13,350013,16,0,9,,80.625
dsatur,50,0.3,13,350013,7,0,0,,0.0011
ga,50,0.3,13,350013,14,0,7,,2.1954
gae,50,0.3,13,350013,17,0,10,,2.3004
hybrid_aco_sa,50,0.3,13,350013,12,0,5,,3.1397
hybrid_ga_sa,50,0.3,13,350013,9,0,2,,113.9738
sa,50,0.3,13,350013,20,0,13,,0.5562
aco,50,0.3,14,350014,17,0,10,,80.1275
dsatur,50,0.3,14,350014,7,0,0,,0.001
ga,50,0.3,14,350014,17,0,10,,2.0973
gae,50,0.3,14,350014,16,0,9,,2.2203
hybrid_aco_sa,50,0.3,14,350014,12,0,5,,3.1163
hybrid_ga_sa,50,0.3,14,350014,8,0,1,,111.7591
sa,50,0.3,14,350014,20,0,13,,0.5447
aco,50,0.3,15,350015,18,0,11,,79.801
dsatur,50,0.3,15,350015,7,0,0,,0.001
ga,50,0.3,15,350015,14,0,7,,2.0945
gae,50,0.3,15,350015,15,0,8,,2.2181
hybrid_aco_sa,50,0.3,15,350015,12,0,5,,3.0964
hybrid_ga_sa,50,0.3,15,350015,8,0,1,,111.8084
sa,50,0.3,15,350015,19,0,12,,0.542
aco,50,0.3,16,350016,16,0,9,,79.8729
dsatur,50,0.3,16,350016,7,0,0,,0.001
ga,50,0.3,16,350016,15,0,8,,2.1299
gae,50,0.3,16,350016,16,0,9,,2.2433
hybrid_aco_sa,50,0.3,16,350016,12,0,5,,3.1321
hybrid_ga_sa,50,0.3,16,350016,9,0,2,,113.0067
sa,50,0.3,16,350016,18,0,11,,0.5482
aco,50,0.3,17,350017,18,0,10,,79.7618
dsatur,50,0.3,17,350017,8,0,0,,0.001
ga,50,0.3,17,350017,16,0,8,,2.1403
gae,50,0.3,17,350017,15,0,7,,2.2617
hybrid_aco_sa,50,0.3,17,350017,12,0,4,,3.1403
hybrid_ga_sa,50,0.3,17,350017,9,0,1,,113.0232
sa,50,0.3,17,350017,18,0,10,,0.543
aco,50,0.3,18,350018,18,0,10,,80.3949
dsatur,50,0.3,18,350018,8,0,0,,0.001
ga,50,0.3,18,350018,14,0,6,,2.1936
gae,50,0.3,18,350018,15,0,7,,2.301
hybrid_aco_sa,50,0.3,18,350018,13,0,5,,3.1323
hybrid_ga_sa,50,0.3,18,350018,8,0,0,,113.4068
sa,50,0.3,18,350018,19,0,11,,0.5558
aco,50,0.3,19,350019,15,0,8,,80.059
dsatur,50,0.3,19,350019,7,0,0,,0.001
ga,50,0.3,19,350019,16,0,9,,2.1166
gae,50,0.3,19,350019,15,0,8,,2.2464
hybrid_aco_sa,50,0.3,19,350019,11,0,4,,3.1261
hybrid_ga_sa,50,0.3,19,350019,9,0,2,,111.943
sa,50,0.3,19,350019,19,0,12,,0.5451
aco,50,0.5,0,550000,18,0,8,,89.6564
dsatur,50,0.5,0,550000,10,0,0,,0.0011
ga,50,0.5,0,550000,19,0,9,,2.7923
gae,50,0.5,0,550000,17,0,7,,2.9356
hybrid_aco_sa,50,0.5,0,550000,13,0,3,,3.5332
hybrid_ga_sa,50,0.5,0,550000,10,0,0,,131.9661
sa,50,0.5,0,550000,23,0,13,,0.6443
aco,50,0.5,1,550001,18,0,7,,89.7542
dsatur,50,0.5,1,550001,11,0,0,,0.0011
ga,50,0.5,1,550001,20,0,9,,2.7957
gae,50,0.5,1,550001,20,0,9,,2.9402
hybrid_aco_sa,50,0.5,1,550001,14,0,3,,3.5407
hybrid_ga_sa,50,0.5,1,550001,11,0,0,,129.7657
sa,50,0.5,1,550001,22,0,11,,0.639
aco,50,0.5,2,550002,18,0,6,,91.6412
dsatur,50,0.5,2,550002,12,0,0,,0.0011
ga,50,0.5,2,550002,19,0,7,,2.9862
gae,50,0.5,2,550002,19,0,7,,3.1505
hybrid_aco_sa,50,0.5,2,550002,15,0,3,,3.5857
hybrid_ga_sa,50,0.5,2,550002,11,0,-1,,133.5375
sa,50,0.5,2,550002,20,0,8,,0.6582
aco,50,0.5,3,550003,18,0,7,,89.0244
dsatur,50,0.5,3,550003,11,0,0,,0.0011
ga,50,0.5,3,550003,18,0,7,,2.7713
gae,50,0.5,3,550003,19,0,8,,2.9206
hybrid_aco_sa,50,0.5,3,550003,15,0,4,,3.497
hybrid_ga_sa,50,0.5,3,550003,11,0,0,,128.8523
sa,50,0.5,3,550003,21,0,10,,0.6349
aco,50,0.5,4,550004,17,0,7,,90.7455
dsatur,50,0.5,4,550004,10,0,0,,0.0011
ga,50,0.5,4,550004,18,0,8,,2.8605
gae,50,0.5,4,550004,18,0,8,,3.0135
hybrid_aco_sa,50,0.5,4,550004,15,0,5,,3.5565
hybrid_ga_sa,50,0.5,4,550004,11,0,1,,131.7662
sa,50,0.5,4,550004,23,0,13,,0.6513
aco,50,0.5,5,550005,18,0,6,,91.4855
dsatur,50,0.5,5,550005,12,0,0,,0.0011
ga,50,0.5,5,550005,18,0,6,,2.9238
gae,50,0.5,5,550005,19,0,7,,3.1059
hybrid_aco_sa,50,0.5,5,550005,14,0,2,,3.5811
hybrid_ga_sa,50,0.5,5,550005,11,0,-1,,132.5902
sa,50,0.5,5,550005,21,0,9,,0.6612
aco,50,0.5,6,550006,19,0,8,,89.8648
dsatur,50,0.5,6,550006,11,0,0,,0.0011
ga,50,0.5,6,550006,18,0,7,,2.7775
gae,50,0.5,6,550006,19,0,8,,2.9335
hybrid_aco_sa,50,0.5,6,550006,15,0,4,,3.5074
hybrid_ga_sa,50,0.5,6,550006,12,0,1,,130.3425
sa,50,0.5,6,550006,20,0,9,,0.6407
aco,50,0.5,7,550007,18,0,6,,90.4435
dsatur,50,0.5,7,550007,12,0,0,,0.0011
ga,50,0.5,7,550007,19,0,7,,2.9045
gae,50,0.5,7,550007,18,0,6,,3.042
hybrid_aco_sa,50,0.5,7,550007,14,0,2,,3.5494
hybrid_ga_sa,50,0.5,7,550007,11,0,-1,,131.5817
sa,50,0.5,7,550007,22,0,10,,0.6503
aco,50,0.5,8,550008,19,0,8,,89.7271
dsatur,50,0.5,8,550008,11,0,0,,0.0011
ga,50,0.5,8,550008,19,0,8,,2.804
gae,50,0.5,8,550008,19,0,8,,2.9515
hybrid_aco_sa,50,0.5,8,550008,14,0,3,,3.5215
hybrid_ga_sa,50,0.5,8,550008,11,0,0,,130.3874
sa,50,0.5,8,550008,21,0,10,,0.6384
aco,50,0.5,9,550009,19,0,9,,90.6151
dsatur,50,0.5,9,550009,10,0,0,,0.0011
ga,50,0.5,9,550009,19,0,9,,2.8279
gae,50,0.5,9,550009,19,0,9,,2.977
hybrid_aco_sa,50,0.5,9,550009,14,0,4,,3.533
hybrid_ga_sa,50,0.5,9,550009,12,0,2,,130.9653
sa,50,0.5,9,550009,22,0,12,,0.6422
aco,50,0.5,10,550010,19,0,9,,91.0193
dsatur,50,0.5,10,550010,10,0,0,,0.0011
ga,50,0.5,10,550010,18,0,8,,2.8832
gae,50,0.5,10,550010,21,0,11,,3.0334
hybrid_aco_sa,50,0.5,10,550010,14,0,4,,3.5604
hybrid_ga_sa,50,0.5,10,550010,10,0,0,,132.4469
sa,50,0.5,10,550010,23,0,13,,0.6465
aco,50,0.5,11,550011,19,0,9,,88.9087
dsatur,50,0.5,11,550011,10,0,0,,0.0011
ga,50,0.5,11,550011,17,0,7,,2.7466
gae,50,0.5,11,550011,15,0,5,,2.8992
hybrid_aco_sa,50,0.5,11,550011,14,0,4,,3.488
hybrid_ga_sa,50,0.5,11,550011,11,0,1,,129.2893
sa,50,0.5,11,550011,20,0,10,,0.6329
aco,50,0.5,12,550012,18,0,7,,89.3699
dsatur,50,0.5,12,550012,11,0,0,,0.0011
ga,50,0.5,12,550012,20,0,9,,2.8075
gae,50,0.5,12,550012,17,0,6,,2.9702
hybrid_aco_sa,50,0.5,12,550012,13,0,2,,3.4927
hybrid_ga_sa,50,0.5,12,550012,11,0,0,,130.1496
sa,50,0.5,12,550012,23,0,12,,0.6352
aco,50,0.5,13,550013,17,0,7,,89.3653
dsatur,50,0.5,13,550013,10,0,0,,0.0013
ga,50,0.5,13,550013,19,0,9,,2.7308
gae,50,0.5,13,550013,17,0,7,,2.8644
hybrid_aco_sa,50,0.5,13,550013,15,0,5,,3.4774
hybrid_ga_sa,50,0.5,13,550013,11,0,1,,128.2483
sa,50,0.5,13,550013,20,0,10,,0.6354
aco,50,0.5,14,550014,20,0,9,,90.2517
dsatur,50,0.5,14,550014,11,0,0,,0.0011
ga,50,0.5,14,550014,20,0,9,,2.8671
gae,50,0.5,14,550014,18,0,7,,2.9981
hybrid_aco_sa,50,0.5,14,550014,15,0,4,,3.5447
hybrid_ga_sa,50,0.5,14,550014,11,0,0,,131.9031
sa,50,0.5,14,550014,22,0,11,,0.642
aco,50,0.5,15,550015,19,0,6,,90.5574
dsatur,50,0.5,15,550015,13,0,0,,0.0011
ga,50,0.5,15,550015,20,0,7,,2.8958
gae,50,0.5,15,550015,21,0,8,,3.0275
hybrid_aco_sa,50,0.5,15,550015,15,0,2,,3.5623
hybrid_ga_sa,50,0.5,15,550015,11,0,-2,,132.1222
sa,50,0.5,15,550015,20,0,7,,0.6522
aco,50,0.5,16,550016,19,0,8,,89.3905
dsatur,50,0.5,16,550016,11,0,0,,0.0011
ga,50,0.5,16,550016,18,0,7,,2.7886
gae,50,0.5,16,550016,18,0,7,,2.9247
hybrid_aco_sa,50,0.5,16,550016,14,0,3,,3.507
hybrid_ga_sa,50,0.5,16,550016,10,0,-1,,129.1527
sa,50,0.5,16,550016,22,0,11,,0.6352
aco,50,0.5,17,550017,18,0,7,,89.947
dsatur,50,0.5,17,550017,11,0,0,,0.0011
ga,50,0.5,17,550017,19,0,8,,2.8571
gae,50,0.5,17,550017,18,0,7,,2.9463
hybrid_aco_sa,50,0.5,17,550017,14,0,3,,3.5091
hybrid_ga_sa,50,0.5,17,550017,11,0,0,,130.4502
sa,50,0.5,17,550017,23,0,12,,0.6402
aco,50,0.5,18,550018,17,0,7,,89.1689
dsatur,50,0.5,18,550018,10,0,0,,0.0011
ga,50,0.5,18,550018,19,0,9,,2.7727
gae,50,0.5,18,550018,19,0,9,,2.9117
hybrid_aco_sa,50,0.5,18,550018,14,0,4,,3.4774
hybrid_ga_sa,50,0.5,18,550018,11,0,1,,129.4613
sa,50,0.5,18,550018,22,0,12,,0.6425
aco,50,0.5,19,550019,18,0,8,,89.3778
dsatur,50,0.5,19,550019,10,0,0,,0.0013
ga,50,0.5,19,550019,18,0,8,,2.7634
gae,50,0.5,19,550019,18,0,8,,2.9337
hybrid_aco_sa,50,0.5,19,550019,14,0,4,,3.4992
hybrid_ga_sa,50,0.5,19,550019,10,0,0,,128.8452
sa,50,0.5,19,550019,19,0,9,,0.6363
aco,50,0.7,0,750000,20,0,4,,97.8998
dsatur,50,0.7,0,750000,16,0,0,,0.0013
ga,50,0.7,0,750000,22,0,6,,3.5057
gae,50,0.7,0,750000,21,0,5,,3.7037
hybrid_aco_sa,50,0.7,0,750000,16,0,0,,3.8679
hybrid_ga_sa,50,0.7,0,750000,14,0,-2,,150.1468
sa,50,0.7,0,750000,27,0,11,,0.7492
aco,50,0.7,1,750001,23,0,7,,99.3403
dsatur,50,0.7,1,750001,16,0,0,,0.0012
ga,50,0.7,1,750001,23,0,7,,3.6625
gae,50,0.7,1,750001,23,0,7,,3.8142
hybrid_aco_sa,50,0.7,1,750001,17,0,1,,3.9353
hybrid_ga_sa,50,0.7,1,750001,15,0,-1,,151.4278
sa,50,0.7,1,750001,24,0,8,,0.7581
aco,50,0.7,2,750002,22,0,7,,99.2797
dsatur,50,0.7,2,750002,15,0,0,,0.0012
ga,50,0.7,2,750002,22,0,7,,3.6342
gae,50,0.7,2,750002,21,0,6,,3.7944
hybrid_aco_sa,50,0.7,2,750002,17,0,2,,3.9123
hybrid_ga_sa,50,0.7,2,750002,15,0,0,,150.665
sa,50,0.7,2,750002,26,0,11,,0.7505
aco,50,0.7,3,750003,21,0,5,,98.7346
dsatur,50,0.7,3,750003,16,0,0,,0.0012
ga,50,0.7,3,750003,22,0,6,,3.65
gae,50,0.7,3,750003,23,0,7,,3.8387
hybrid_aco_sa,50,0.7,3,750003,18,0,2,,3.9268
hybrid_ga_sa,50,0.7,3,750003,15,0,-1,,151.9031
sa,50,0.7,3,750003,24,0,8,,0.7587
aco,50,0.7,4,750004,21,0,6,,99.4484
dsatur,50,0.7,4,750004,15,0,0,,0.0012
ga,50,0.7,4,750004,20,0,5,,3.6517
gae,50,0.7,4,750004,22,0,7,,3.8025
hybrid_aco_sa,50,0.7,4,750004,17,0,2,,3.9067
hybrid_ga_sa,50,0.7,4,750004,15,0,0,,150.9779
sa,50,0.7,4,750004,26,0,11,,0.7588
aco,50,0.7,5,750005,20,0,5,,98.69
dsatur,50,0.7,5,750005,15,0,0,,0.0011
ga,50,0.7,5,750005,23,0,8,,3.5574
gae,50,0.7,5,750005,23,0,8,,3.7508
hybrid_aco_sa,50,0.7,5,750005,17,0,2,,3.881
hybrid_ga_sa,50,0.7,5,750005,15,0,0,,150.1954
sa,50,0.7,5,750005,27,0,12,,0.7494
aco,50,0.7,6,750006,21,0,6,,98.595
dsatur,50,0.7,6,750006,15,0,0,,0.0012
ga,50,0.7,6,750006,22,0,7,,3.5614
gae,50,0.7,6,750006,20,0,5,,3.7281
hybrid_aco_sa,50,0.7,6,750006,17,0,2,,3.8656
hybrid_ga_sa,50,0.7,6,750006,14,0,-1,,149.1297
sa,50,0.7,6,750006,24,0,9,,0.7399
aco,50,0.7,7,750007,21,0,5,,99.9584
dsatur,50,0.7,7,750007,16,0,0,,0.0012
ga,50,0.7,7,750007,21,0,5,,3.6908
gae,50,0.7,7,750007,23,0,7,,3.8948
hybrid_aco_sa,50,0.7,7,750007,18,0,2,,3.9561
hybrid_ga_sa,50,0.7,7,750007,15,0,-1,,152.1711
sa,50,0.7,7,750007,23,0,7,,0.7621
aco,50,0.7,8,750008,21,0,5,,100.7051
dsatur,50,0.7,8,750008,16,0,0,,0.0012
ga,50,0.7,8,750008,24,0,8,,3.7234
gae,50,0.7,8,750008,23,0,7,,3.8463
hybrid_aco_sa,50,0.7,8,750008,17,0,1,,3.9364
hybrid_ga_sa,50,0.7,8,750008,14,0,-2,,151.7744
sa,50,0.7,8,750008,26,0,10,,0.7682
aco,50,0.7,9,750009,20,0,3,,99.1873
dsatur,50,0.7,9,750009,17,0,0,,0.0012
ga,50,0.7,9,750009,22,0,5,,3.6826
gae,50,0.7,9,750009,24,0,7,,3.8675
hybrid_aco_sa,50,0.7,9,750009,19,0,2,,3.9372
hybrid_ga_sa,50,0.7,9,750009,15,0,-2,,151.7116
sa,50,0.7,9,750009,25,0,8,,0.7546
aco,50,0.7,10,750010,21,0,3,,99.9959
dsatur,50,0.7,10,750010,18,0,0,,0.0012
ga,50,0.7,10,750010,22,0,4,,3.7462
gae,50,0.7,10,750010,22,0,4,,3.9195
hybrid_aco_sa,50,0.7,10,750010,18,0,0,,3.9596
hybrid_ga_sa,50,0.7,10,750010,15,0,-3,,153.2234
sa,50,0.7,10,750010,26,0,8,,0.7627
aco,50,0.7,11,750011,20,0,3,,99.2471
dsatur,50,0.7,11,750011,17,0,0,,0.0012
ga,50,0.7,11,750011,23,0,6,,3.6733
gae,50,0.7,11,750011,22,0,5,,3.8489
hybrid_aco_sa,50,0.7,11,750011,18,0,1,,3.898
hybrid_ga_sa,50,0.7,11,750011,16,0,-1,,151.661
sa,50,0.7,11,750011,25,0,8,,0.7671
aco,50,0.7,12,750012,22,0,6,,99.7174
dsatur,50,0.7,12,750012,16,0,0,,0.0012
ga,50,0.7,12,750012,23,0,7,,3.629
gae,50,0.7,12,750012,22,0,6,,3.8726
hybrid_aco_sa,50,0.7,12,750012,18,0,2,,3.9444
hybrid_ga_sa,50,0.7,12,750012,14,0,-2,,151.3086
sa,50,0.7,12,750012,24,0,8,,0.7522
aco,50,0.7,13,750013,23,0,8,,99.3309
dsatur,50,0.7,13,750013,15,0,0,,0.0012
ga,50,0.7,13,750013,22,0,7,,3.659
gae,50,0.7,13,750013,21,0,6,,3.8261
hybrid_aco_sa,50,0.7,13,750013,17,0,2,,3.9099
hybrid_ga_sa,50,0.7,13,750013,15,0,0,,150.5385
sa,50,0.7,13,750013,26,0,11,,0.7542
aco,50,0.7,14,750014,21,0,6,,99.1437
dsatur,50,0.7,14,750014,15,0,0,,0.0012
ga,50,0.7,14,750014,23,0,8,,3.6267
gae,50,0.7,14,750014,21,0,6,,3.8016
hybrid_aco_sa,50,0.7,14,750014,17,0,2,,3.894
hybrid_ga_sa,50,0.7,14,750014,15,0,0,,150.0811
sa,50,0.7,14,750014,23,0,8,,0.7585
aco,50,0.7,15,750015,23,0,7,,99.5861
dsatur,50,0.7,15,750015,16,0,0,,0.0012
ga,50,0.7,15,750015,19,0,3,,3.6389
gae,50,0.7,15,750015,23,0,7,,3.8497
hybrid_aco_sa,50,0.7,15,750015,18,0,2,,3.8821
hybrid_ga_sa,50,0.7,15,750015,15,0,-1,,151.3695
sa,50,0.7,15,750015,24,0,8,,0.765
aco,50,0.7,16,750016,22,0,6,,98.5241
dsatur,50,0.7,16,750016,16,0,0,,0.0012
ga,50,0.7,16,750016,23,0,7,,3.5526
gae,50,0.7,16,750016,24,0,8,,3.731
hybrid_aco_sa,50,0.7,16,750016,17,0,1,,3.8785
hybrid_ga_sa,50,0.7,16,750016,15,0,-1,,148.3761
sa,50,0.7,16,750016,25,0,9,,0.7521
aco,50,0.7,17,750017,20,0,4,,98.796
dsatur,50,0.7,17,750017,16,0,0,,0.0012
ga,50,0.7,17,750017,23,0,7,,3.5674
gae,50,0.7,17,750017,20,0,4,,3.7722
hybrid_aco_sa,50,0.7,17,750017,18,0,2,,3.8785
hybrid_ga_sa,50,0.7,17,750017,14,0,-2,,150.1077
sa,50,0.7,17,750017,27,0,11,,0.7588
aco,50,0.7,18,750018,20,0,5,,97.9701
dsatur,50,0.7,18,750018,15,0,0,,0.0012
ga,50,0.7,18,750018,22,0,7,,3.5379
gae,50,0.7,18,750018,21,0,6,,3.7512
hybrid_aco_sa,50,0.7,18,750018,17,0,2,,3.8725
hybrid_ga_sa,50,0.7,18,750018,14,0,-1,,148.5153
sa,50,0.7,18,750018,22,0,7,,0.7391
aco,50,0.7,19,750019,22,0,6,,99.0249
dsatur,50,0.7,19,750019,16,0,0,,0.0011
ga,50,0.7,19,750019,23,0,7,,3.6445
gae,50,0.7,19,750019,21,0,5,,3.8262
hybrid_aco_sa,50,0.7,19,750019,18,0,2,,3.9069
hybrid_ga_sa,50,0.7,19,750019,15,0,-1,,150.1124
sa,50,0.7,19,750019,26,0,10,,0.7486
aco,75,0.3,0,375000,25,0,15,,132.1364
dsatur,75,0.3,0,375000,10,0,0,,0.0022
ga,75,0.3,0,375000,27,0,17,,3.8342
gae,75,0.3,0,375000,28,0,18,,4.0315
hybrid_aco_sa,75,0.3,0,375000,16,0,6,,5.1652
hybrid_ga_sa,75,0.3,0,375000,13,0,3,,191.1962
sa,75,0.3,0,375000,29,0,19,,0.9163
aco,75,0.3,1,375001,22,0,11,,133.1121
dsatur,75,0.3,1,375001,11,0,0,,0.0023
ga,75,0.3,1,375001,25,0,14,,3.9254
gae,75,0.3,1,375001,26,0,15,,4.0923
hybrid_aco_sa,75,0.3,1,375001,18,0,7,,5.1844
hybrid_ga_sa,75,0.3,1,375001,14,0,3,,191.3276
sa,75,0.3,1,375001,28,0,17,,0.9301
aco,75,0.3,2,375002,25,0,15,,131.1571
dsatur,75,0.3,2,375002,10,0,0,,0.0022
ga,75,0.3,2,375002,29,0,19,,3.8476
gae,75,0.3,2,375002,25,0,15,,4.066
hybrid_aco_sa,75,0.3,2,375002,17,0,7,,5.1677
hybrid_ga_sa,75,0.3,2,375002,12,0,2,,189.7361
sa,75,0.3,2,375002,28,0,18,,0.9211
aco,75,0.3,3,375003,23,0,13,,132.3968
dsatur,75,0.3,3,375003,10,0,0,,0.0022
ga,75,0.3,3,375003,28,0,18,,3.8501
gae,75,0.3,3,375003,26,0,16,,4.0637
hybrid_aco_sa,75,0.3,3,375003,18,0,8,,5.1738
hybrid_ga_sa,75,0.3,3,375003,12,0,2,,190.0558
sa,75,0.3,3,375003,29,0,19,,0.9239
aco,75,0.3,4,375004,24,0,15,,131.0907
dsatur,75,0.3,4,375004,9,0,0,,0.0022
ga,75,0.3,4,375004,26,0,17,,3.7595
gae,75,0.3,4,375004,23,0,14,,3.96
hybrid_aco_sa,75,0.3,4,375004,18,0,9,,5.1118
hybrid_ga_sa,75,0.3,4,375004,12,0,3,,187.5677
sa,75,0.3,4,375004,29,0,20,,0.9037
aco,75,0.3,5,375005,22,0,13,,132.2653
dsatur,75,0.3,5,375005,9,0,0,,0.0022
ga,75,0.3,5,375005,24,0,15,,3.8549
gae,75,0.3,5,375005,26,0,17,,4.0542
hybrid_aco_sa,75,0.3,5,375005,16,0,7,,5.1558
hybrid_ga_sa,75,0.3,5,375005,13,0,4,,188.9758
sa,75,0.3,5,375005,32,0,23,,0.9158
aco,75,0.3,6,375006,24,0,14,,132.8722
dsatur,75,0.3,6,375006,10,0,0,,0.0022
ga,75,0.3,6,375006,26,0,16,,3.9147
gae,75,0.3,6,375006,26,0,16,,4.1213
hybrid_aco_sa,75,0.3,6,375006,18,0,8,,5.2045
hybrid_ga_sa,75,0.3,6,375006,13,0,3,,191.4057
sa,75,0.3,6,375006,29,0,19,,0.9275
aco,75,0.3,7,375007,24,0,15,,130.7671
dsatur,75,0.3,7,375007,9,0,0,,0.0022
ga,75,0.3,7,375007,24,0,15,,3.6986
gae,75,0.3,7,375007,27,0,18,,3.9081
hybrid_aco_sa,75,0.3,7,375007,17,0,8,,5.1168
hybrid_ga_sa,75,0.3,7,375007,13,0,4,,186.8233
sa,75,0.3,7,375007,29,0,20,,0.9015
aco,75,0.3,8,375008,22,0,13,,132.3146
dsatur,75,0.3,8,375008,9,0,0,,0.0022
ga,75,0.3,8,375008,29,0,20,,3.8986
gae,75,0.3,8,375008,27,0,18,,4.0745
hybrid_aco_sa,75,0.3,8,375008,17,0,8,,5.1898
hybrid_ga_sa,75,0.3,8,375008,12,0,3,,190.7351
sa,75,0.3,8,375008,29,0,20,,0.9186
aco,75,0.3,9,375009,25,0,16,,133.8436
dsatur,75,0.3,9,375009,9,0,0,,0.0022
ga,75,0.3,9,375009,28,0,19,,3.9345
gae,75,0.3,9,375009,26,0,17,,4.1139
hybrid_aco_sa,75,0.3,9,375009,17,0,8,,5.1954
hybrid_ga_sa,75,0.3,9,375009,13,0,4,,191.7299
sa,75,0.3,9,375009,26,0,17,,0.9275
aco,75,0.3,10,375010,23,0,14,,132.5382
dsatur,75,0.3,10,375010,9,0,0,,0.0022
ga,75,0.3,10,375010,26,0,17,,3.9174
gae,75,0.3,10,375010,29,0,20,,4.1282
hybrid_aco_sa,75,0.3,10,375010,18,0,9,,5.1821
hybrid_ga_sa,75,0.3,10,375010,13,0,4,,190.4002
sa,75,0.3,10,375010,27,0,18,,0.9278
aco,75,0.3,11,375011,24,0,15,,132.0484
dsatur,75,0.3,11,375011,9,0,0,,0.0022
ga,75,0.3,11,375011,25,0,16,,3.796
gae,75,0.3,11,375011,26,0,17,,3.9625
hybrid_aco_sa,75,0.3,11,375011,16,0,7,,5.1353
hybrid_ga_sa,75,0.3,11,375011,12,0,3,,187.8645
sa,75,0.3,11,375011,28,0,19,,0.9157
aco,75,0.3,12,375012,24,0,15,,131.1422
dsatur,75,0.3,12,375012,9,0,0,,0.0022
ga,75,0.3,12,375012,28,0,19,,3.8021
gae,75,0.3,12,375012,26,0,17,,4.0026
hybrid_aco_sa,75,0.3,12,375012,17,0,8,,5.153
hybrid_ga_sa,75,0.3,12,375012,13,0,4,,188.7126
sa,75,0.3,12,375012,29,0,20,,0.9088
aco,75,0.3,13,375013,24,0,14,,133.4696
dsatur,75,0.3,13,375013,10,0,0,,0.0022
ga,75,0.3,13,375013,25,0,15,,3.9795
gae,75,0.3,13,375013,26,0,16,,4.1569
hybrid_aco_sa,75,0.3,13,375013,18,0,8,,5.2016
hybrid_ga_sa,75,0.3,13,375013,13,0,3,,192.4949
sa,75,0.3,13,375013,30,0,20,,0.9373
aco,75,0.3,14,375014,24,0,15,,131.8649
dsatur,75,0.3,14,375014,9,0,0,,0.0022
ga,75,0.3,14,375014,25,0,16,,3.8141
gae,75,0.3,14,375014,23,0,14,,4.0169
hybrid_aco_sa,75,0.3,14,375014,18,0,9,,5.1633
hybrid_ga_sa,75,0.3,14,375014,14,0,5,,189.7418
sa,75,0.3,14,375014,28,0,19,,0.9237
aco,75,0.3,15,375015,23,0,13,,131.8851
dsatur,75,0.3,15,375015,10,0,0,,0.0022
ga,75,0.3,15,375015,25,0,15,,3.8336
gae,75,0.3,15,375015,26,0,16,,3.9967
hybrid_aco_sa,75,0.3,15,375015,17,0,7,,5.1308
hybrid_ga_sa,75,0.3,15,375015,12,0,2,,188.3559
sa,75,0.3,15,375015,29,0,19,,0.9177
aco,75,0.3,16,375016,25,0,15,,130.1698
dsatur,75,0.3,16,375016,10,0,0,,0.0022
ga,75,0.3,16,375016,25,0,15,,3.7906
gae,75,0.3,16,375016,25,0,15,,3.9773
hybrid_aco_sa,75,0.3,16,375016,17,0,7,,5.1201
hybrid_ga_sa,75,0.3,16,375016,13,0,3,,187.1937
sa,75,0.3,16,375016,28,0,18,,0.9177
aco,75,0.3,17,375017,22,0,12,,133.0588
dsatur,75,0.3,17,375017,10,0,0,,0.0022
ga,75,0.3,17,375017,24,0,14,,3.9597
gae,75,0.3,17,375017,29,0,19,,4.1587
hybrid_aco_sa,75,0.3,17,375017,18,0,8,,5.1945
hybrid_ga_sa,75,0.3,17,375017,13,0,3,,191.2697
sa,75,0.3,17,375017,29,0,19,,0.95
aco,75,0.3,18,375018,22,0,12,,131.985
dsatur,75,0.3,18,375018,10,0,0,,0.0022
ga,75,0.3,18,375018,26,0,16,,3.8812
gae,75,0.3,18,375018,27,0,17,,4.1105
hybrid_aco_sa,75,0.3,18,375018,18,0,8,,5.1419
hybrid_ga_sa,75,0.3,18,375018,13,0,3,,189.0711
sa,75,0.3,18,375018,29,0,19,,0.9185
aco,75,0.3,19,375019,22,0,13,,130.4729
dsatur,75,0.3,19,375019,9,0,0,,0.0022
ga,75,0.3,19,375019,28,0,19,,3.8161
gae,75,0.3,19,375019,26,0,17,,3.9901
hybrid_aco_sa,75,0.3,19,375019,18,0,9,,5.132
hybrid_ga_sa,75,0.3,19,375019,13,0,4,,188.1149
sa,75,0.3,19,375019,28,0,19,,0.9071
aco,75,0.5,0,575000,24,0,9,,155.4205
dsatur,75,0.5,0,575000,15,0,0,,0.0023
ga,75,0.5,0,575000,32,0,17,,5.543
gae,75,0.5,0,575000,32,0,17,,5.8869
hybrid_aco_sa,75,0.5,0,575000,22,0,7,,6.085
hybrid_ga_sa,75,0.5,0,575000,16,0,1,,234.5649
sa,75,0.5,0,575000,31,0,16,,1.1575
aco,75,0.5,1,575001,27,0,12,,151.8486
dsatur,75,0.5,1,575001,15,0,0,,0.0023
ga,75,0.5,1,575001,28,0,13,,5.4641
gae,75,0.5,1,575001,26,0,11,,5.7909
hybrid_aco_sa,75,0.5,1,575001,22,0,7,,6.013
hybrid_ga_sa,75,0.5,1,575001,16,0,1,,229.5972
sa,75,0.5,1,575001,32,0,17,,1.1367
aco,75,0.5,2,575002,27,0,13,,153.1437
dsatur,75,0.5,2,575002,14,0,0,,0.0023
ga,75,0.5,2,575002,27,0,13,,5.5809
gae,75,0.5,2,575002,29,0,15,,5.8484
hybrid_aco_sa,75,0.5,2,575002,22,0,8,,6.0335
hybrid_ga_sa,75,0.5,2,575002,16,0,2,,233.3506
sa,75,0.5,2,575002,33,0,19,,1.1515
aco,75,0.5,3,575003,25,0,11,,151.4459
dsatur,75,0.5,3,575003,14,0,0,,0.0023
ga,75,0.5,3,575003,29,0,15,,5.4553
gae,75,0.5,3,575003,29,0,15,,5.7289
hybrid_aco_sa,75,0.5,3,575003,22,0,8,,5.9817
hybrid_ga_sa,75,0.5,3,575003,15,0,1,,230.2564
sa,75,0.5,3,575003,31,0,17,,1.1304
aco,75,0.5,4,575004,26,0,11,,153.1762
dsatur,75,0.5,4,575004,15,0,0,,0.0023
ga,75,0.5,4,575004,31,0,16,,5.4826
gae,75,0.5,4,575004,27,0,12,,5.7446
hybrid_aco_sa,75,0.5,4,575004,21,0,6,,6.0527
hybrid_ga_sa,75,0.5,4,575004,17,0,2,,233.416
sa,75,0.5,4,575004,33,0,18,,1.1383
aco,75,0.5,5,575005,26,0,10,,152.293
dsatur,75,0.5,5,575005,16,0,0,,0.0023
ga,75,0.5,5,575005,28,0,12,,5.4383
gae,75,0.5,5,575005,29,0,13,,5.7228
hybrid_aco_sa,75,0.5,5,575005,22,0,6,,6.0669
hybrid_ga_sa,75,0.5,5,575005,15,0,-1,,231.3463
sa,75,0.5,5,575005,32,0,16,,1.142
aco,75,0.5,6,575006,26,0,11,,152.2309
dsatur,75,0.5,6,575006,15,0,0,,0.0023
ga,75,0.5,6,575006,32,0,17,,5.5216
gae,75,0.5,6,575006,29,0,14,,5.7114
hybrid_aco_sa,75,0.5,6,575006,20,0,5,,5.9781
hybrid_ga_sa,75,0.5,6,575006,16,0,1,,230.9071
sa,75,0.5,6,575006,33,0,18,,1.1316
aco,75,0.5,7,575007,26,0,12,,151.0082
dsatur,75,0.5,7,575007,14,0,0,,0.0023
ga,75,0.5,7,575007,30,0,16,,5.3725
gae,75,0.5,7,575007,29,0,15,,5.6447
hybrid_aco_sa,75,0.5,7,575007,21,0,7,,6.0548
hybrid_ga_sa,75,0.5,7,575007,17,0,3,,229.7938
sa,75,0.5,7,575007,31,0,17,,1.1222
aco,75,0.5,8,575008,28,0,13,,152.5987
dsatur,75,0.5,8,575008,15,0,0,,0.0023
ga,75,0.5,8,575008,28,0,13,,5.4977
gae,75,0.5,8,575008,32,0,17,,5.7718
hybrid_aco_sa,75,0.5,8,575008,22,0,7,,6.0198
hybrid_ga_sa,75,0.5,8,575008,16,0,1,,231.3306
sa,75,0.5,8,575008,32,0,17,,1.1434
aco,75,0.5,9,575009,26,0,12,,151.6543
dsatur,75,0.5,9,575009,14,0,0,,0.0023
ga,75,0.5,9,575009,29,0,15,,5.5119
gae,75,0.5,9,575009,29,0,15,,5.8452
hybrid_aco_sa,75,0.5,9,575009,21,0,7,,5.9838
hybrid_ga_sa,75,0.5,9,575009,16,0,2,,231.1464
sa,75,0.5,9,575009,35,0,21,,1.1363
aco,75,0.5,10,575010,28,0,13,,153.1161
dsatur,75,0.5,10,575010,15,0,0,,0.0023
ga,75,0.5,10,575010,29,0,14,,5.5556
gae,75,0.5,10,575010,28,0,13,,5.8212
hybrid_aco_sa,75,0.5,10,575010,21,0,6,,6.0397
hybrid_ga_sa,75,0.5,10,575010,16,0,1,,232.834
sa,75,0.5,10,575010,32,0,17,,1.1619
aco,75,0.5,11,575011,25,0,10,,153.2976
dsatur,75,0.5,11,575011,15,0,0,,0.0023
ga,75,0.5,11,575011,31,0,16,,5.6138
gae,75,0.5,11,575011,30,0,15,,5.8613
hybrid_aco_sa,75,0.5,11,575011,21,0,6,,6.0788
hybrid_ga_sa,75,0.5,11,575011,16,0,1,,233.9258
sa,75,0.5,11,575011,33,0,18,,1.1499
aco,75,0.5,12,575012,24,0,10,,153.0905
dsatur,75,0.5,12,575012,14,0,0,,0.0023
ga,75,0.5,12,575012,30,0,16,,5.5974
gae,75,0.5,12,575012,30,0,16,,5.8465
hybrid_aco_sa,75,0.5,12,575012,21,0,7,,6.0493
hybrid_ga_sa,75,0.5,12,575012,17,0,3,,233.2103
sa,75,0.5,12,575012,31,0,17,,1.1598
aco,75,0.5,13,575013,27,0,11,,154.2662
dsatur,75,0.5,13,575013,16,0,0,,0.0023
ga,75,0.5,13,575013,29,0,13,,5.6475
gae,75,0.5,13,575013,30,0,14,,5.8925
hybrid_aco_sa,75,0.5,13,575013,22,0,6,,6.1111
hybrid_ga_sa,75,0.5,13,575013,16,0,0,,237.2069
sa,75,0.5,13,575013,33,0,17,,1.1595
aco,75,0.5,14,575014,25,0,11,,152.7507
dsatur,75,0.5,14,575014,14,0,0,,0.0023
ga,75,0.5,14,575014,30,0,16,,5.4169
gae,75,0.5,14,575014,29,0,15,,5.6831
hybrid_aco_sa,75,0.5,14,575014,21,0,7,,6.0035
hybrid_ga_sa,75,0.5,14,575014,15,0,1,,231.068
sa,75,0.5,14,575014,30,0,16,,1.1342
aco,75,0.5,15,575015,28,0,13,,152.2769
dsatur,75,0.5,15,575015,15,0,0,,0.0023
ga,75,0.5,15,575015,28,0,13,,5.4789
gae,75,0.5,15,575015,31,0,16,,5.7154
hybrid_aco_sa,75,0.5,15,575015,21,0,6,,5.9915
hybrid_ga_sa,75,0.5,15,575015,15,0,0,,231.3037
sa,75,0.5,15,575015,31,0,16,,1.1257
aco,75,0.5,16,575016,27,0,13,,154.1813
dsatur,75,0.5,16,575016,14,0,0,,0.0023
ga,75,0.5,16,575016,31,0,17,,5.5559
gae,75,0.5,16,575016,30,0,16,,5.842
hybrid_aco_sa,75,0.5,16,575016,22,0,8,,6.0882
hybrid_ga_sa,75,0.5,16,575016,17,0,3,,234.5881
sa,75,0.5,16,575016,34,0,20,,1.1474
aco,75,0.5,17,575017,28,0,14,,152.3497
dsatur,75,0.5,17,575017,14,0,0,,0.0023
ga,75,0.5,17,575017,29,0,15,,5.5007
gae,75,0.5,17,575017,27,0,13,,5.7006
hybrid_aco_sa,75,0.5,17,575017,23,0,9,,5.9857
hybrid_ga_sa,75,0.5,17,575017,16,0,2,,231.6257
sa,75,0.5,17,575017,34,0,20,,1.1387
aco,75,0.5,18,575018,26,0,11,,152.5692
dsatur,75,0.5,18,575018,15,0,0,,0.0023
ga,75,0.5,18,575018,32,0,17,,5.5485
gae,75,0.5,18,575018,27,0,12,,5.7892
hybrid_aco_sa,75,0.5,18,575018,22,0,7,,6.022
hybrid_ga_sa,75,0.5,18,575018,16,0,1,,231.2693
sa,75,0.5,18,575018,30,0,15,,1.1447
aco,75,0.5,19,575019,25,0,12,,150.8169
dsatur,75,0.5,19,575019,13,0,0,,0.0023
ga,75,0.5,19,575019,31,0,18,,5.355
gae,75,0.5,19,575019,29,0,16,,5.6458
hybrid_aco_sa,75,0.5,19,575019,22,0,9,,5.9892
hybrid_ga_sa,75,0.5,19,575019,16,0,3,,230.2583
sa,75,0.5,19,575019,33,0,20,,1.1144
aco,75,0.7,0,775000,31,0,8,,171.7815
dsatur,75,0.7,0,775000,23,0,0,,0.0025
ga,75,0.7,0,775000,35,0,12,,7.102
gae,75,0.7,0,775000,36,0,13,,7.564
hybrid_aco_sa,75,0.7,0,775000,26,0,3,,6.8236
hybrid_ga_sa,75,0.7,0,775000,20,0,-3,,273.7672
sa,75,0.7,0,775000,39,0,16,,1.3698
aco,75,0.7,1,775001,31,0,12,,171.5776
dsatur,75,0.7,1,775001,19,0,0,,0.0024
ga,75,0.7,1,775001,36,0,17,,7.0793
gae,75,0.7,1,775001,36,0,17,,7.3776
hybrid_aco_sa,75,0.7,1,775001,25,0,6,,6.7588
hybrid_ga_sa,75,0.7,1,775001,19,0,0,,269.7575
sa,75,0.7,1,775001,40,0,21,,1.3686
aco,75,0.7,2,775002,32,0,12,,172.405
dsatur,75,0.7,2,775002,20,0,0,,0.0025
ga,75,0.7,2,775002,35,0,15,,7.2161
gae,75,0.7,2,775002,35,0,15,,7.4996
hybrid_aco_sa,75,0.7,2,775002,27,0,7,,6.841
hybrid_ga_sa,75,0.7,2,775002,21,0,1,,272.4083
sa,75,0.7,2,775002,36,0,16,,1.3523
aco,75,0.7,3,775003,31,0,12,,171.9287
dsatur,75,0.7,3,775003,19,0,0,,0.0091
ga,75,0.7,3,775003,37,0,18,,7.1021
gae,75,0.7,3,775003,35,0,16,,7.4223
hybrid_aco_sa,75,0.7,3,775003,26,0,7,,6.7462
hybrid_ga_sa,75,0.7,3,775003,19,0,0,,269.2894
sa,75,0.7,3,775003,36,0,17,,1.36
aco,75,0.7,4,775004,32,0,11,,171.6246
dsatur,75,0.7,4,775004,21,0,0,,0.0024
ga,75,0.7,4,775004,35,0,14,,7.1605
gae,75,0.7,4,775004,37,0,16,,7.5146
hybrid_aco_sa,75,0.7,4,775004,26,0,5,,6.7848
hybrid_ga_sa,75,0.7,4,775004,21,0,0,,270.9828
sa,75,0.7,4,775004,39,0,18,,1.3701
aco,75,0.7,5,775005,33,0,12,,173.249
dsatur,75,0.7,5,775005,21,0,0,,0.0024
ga,75,0.7,5,775005,35,0,14,,7.2627
gae,75,0.7,5,775005,34,0,13,,7.524
hybrid_aco_sa,75,0.7,5,775005,27,0,6,,6.7904
hybrid_ga_sa,75,0.7,5,775005,20,0,-1,,272.6875
sa,75,0.7,5,775005,38,0,17,,1.3577
aco,75,0.7,6,775006,32,0,9,,172.9164
dsatur,75,0.7,6,775006,23,0,0,,0.0025
ga,75,0.7,6,775006,37,0,14,,7.2821
gae,75,0.7,6,775006,36,0,13,,7.6278
hybrid_aco_sa,75,0.7,6,775006,27,0,4,,6.8623
hybrid_ga_sa,75,0.7,6,775006,20,0,-3,,275.5831
sa,75,0.7,6,775006,40,0,17,,1.4001
aco,75,0.7,7,775007,29,0,10,,170.6844
dsatur,75,0.7,7,775007,19,0,0,,0.0024
ga,75,0.7,7,775007,33,0,14,,7.0283
gae,75,0.7,7,775007,35,0,16,,7.3643
hybrid_aco_sa,75,0.7,7,775007,26,0,7,,6.7285
hybrid_ga_sa,75,0.7,7,775007,20,0,1,,269.6069
sa,75,0.7,7,775007,34,0,15,,1.3437
aco,75,0.7,8,775008,29,0,8,,169.7268
dsatur,75,0.7,8,775008,21,0,0,,0.0024
ga,75,0.7,8,775008,36,0,15,,7.1533
gae,75,0.7,8,775008,34,0,13,,7.4781
hybrid_aco_sa,75,0.7,8,775008,25,0,4,,6.7932
hybrid_ga_sa,75,0.7,8,775008,18,0,-3,,270.2846
sa,75,0.7,8,775008,36,0,15,,1.3447
aco,75,0.7,9,775009,33,0,12,,172.519
dsatur,75,0.7,9,775009,21,0,0,,0.0024
ga,75,0.7,9,775009,35,0,14,,7.2071
gae,75,0.7,9,775009,32,0,11,,7.6628
hybrid_aco_sa,75,0.7,9,775009,25,0,4,,6.7944
hybrid_ga_sa,75,0.7,9,775009,20,0,-1,,272.2314
sa,75,0.7,9,775009,37,0,16,,1.3735
aco,75,0.7,10,775010,30,0,9,,171.0035
dsatur,75,0.7,10,775010,21,0,0,,0.0024
ga,75,0.7,10,775010,34,0,13,,7.0665
gae,75,0.7,10,775010,35,0,14,,7.4003
hybrid_aco_sa,75,0.7,10,775010,26,0,5,,6.7426
hybrid_ga_sa,75,0.7,10,775010,20,0,-1,,270.0092
sa,75,0.7,10,775010,38,0,17,,1.3595
aco,75,0.7,11,775011,31,0,9,,171.5671
dsatur,75,0.7,11,775011,22,0,0,,0.0024
ga,75,0.7,11,775011,33,0,11,,7.1562
gae,75,0.7,11,775011,35,0,13,,7.535
hybrid_aco_sa,75,0.7,11,775011,26,0,4,,6.8031
hybrid_ga_sa,75,0.7,11,775011,20,0,-2,,272.2585
sa,75,0.7,11,775011,34,0,12,,1.3742
aco,75,0.7,12,775012,34,0,12,,171.7158
dsatur,75,0.7,12,775012,22,0,0,,0.0025
ga,75,0.7,12,775012,36,0,14,,7.2742
gae,75,0.7,12,775012,34,0,12,,7.5496
hybrid_aco_sa,75,0.7,12,775012,26,0,4,,6.7819
hybrid_ga_sa,75,0.7,12,775012,20,0,-2,,271.8996
sa,75,0.7,12,775012,37,0,15,,1.3779
aco,75,0.7,13,775013,31,0,11,,172.4612
dsatur,75,0.7,13,775013,20,0,0,,0.0024
ga,75,0.7,13,775013,33,0,13,,7.0776
gae,75,0.7,13,775013,34,0,14,,7.4488
hybrid_aco_sa,75,0.7,13,775013,25,0,5,,6.8315
hybrid_ga_sa,75,0.7,13,775013,20,0,0,,272.7916
sa,75,0.7,13,775013,36,0,16,,1.3711
aco,75,0.7,14,775014,31,0,10,,170.2183
dsatur,75,0.7,14,775014,21,0,0,,0.0024
ga,75,0.7,14,775014,34,0,13,,7.0054
gae,75,0.7,14,775014,33,0,12,,7.3154
hybrid_aco_sa,75,0.7,14,775014,26,0,5,,6.7421
hybrid_ga_sa,75,0.7,14,775014,19,0,-2,,268.743
sa,75,0.7,14,775014,36,0,15,,1.3571
aco,75,0.7,15,775015,33,0,11,,171.7898
dsatur,75,0.7,15,775015,22,0,0,,0.0024
ga,75,0.7,15,775015,36,0,14,,7.2253
gae,75,0.7,15,775015,36,0,14,,7.5304
hybrid_aco_sa,75,0.7,15,775015,26,0,4,,6.7757
hybrid_ga_sa,75,0.7,15,775015,20,0,-2,,271.8171
sa,75,0.7,15,775015,37,0,15,,1.3608
aco,75,0.7,16,775016,34,0,13,,172.3593
dsatur,75,0.7,16,775016,21,0,0,,0.0024
ga,75,0.7,16,775016,37,0,16,,7.1228
gae,75,0.7,16,775016,34,0,13,,7.4834
hybrid_aco_sa,75,0.7,16,775016,27,0,6,,6.8237
hybrid_ga_sa,75,0.7,16,775016,21,0,0,,273.3741
sa,75,0.7,16,775016,34,0,13,,1.3737
aco,75,0.7,17,775017,31,0,11,,169.6454
dsatur,75,0.7,17,775017,20,0,0,,0.0023
ga,75,0.7,17,775017,34,0,14,,6.9515
gae,75,0.7,17,775017,35,0,15,,7.3036
hybrid_aco_sa,75,0.7,17,775017,25,0,5,,6.7244
hybrid_ga_sa,75,0.7,17,775017,20,0,0,,266.4313
sa,75,0.7,17,775017,38,0,18,,1.3466
aco,75,0.7,18,775018,29,0,8,,170.9533
dsatur,75,0.7,18,775018,21,0,0,,0.0024
ga,75,0.7,18,775018,37,0,16,,7.0722
gae,75,0.7,18,775018,37,0,16,,7.4797
hybrid_aco_sa,75,0.7,18,775018,26,0,5,,6.7601
hybrid_ga_sa,75,0.7,18,775018,20,0,-1,,270.6384
sa,75,0.7,18,775018,38,0,17,,1.3574
aco,75,0.7,19,775019,32,0,12,,172.1327
dsatur,75,0.7,19,775019,20,0,0,,0.0024
ga,75,0.7,19,775019,36,0,16,,7.0292
gae,75,0.7,19,775019,34,0,14,,7.4476
hybrid_aco_sa,75,0.7,19,775019,27,0,7,,6.7865
hybrid_ga_sa,75,0.7,19,775019,20,0,0,,270.0227
sa,75,0.7,19,775019,38,0,18,,1.3606
aco,100,0.3,0,400000,57,0,45,,194.4957
dsatur,100,0.3,0,400000,12,0,0,,0.0041
ga,100,0.3,0,400000,38,0,26,,6.4745
gae,100,0.3,0,400000,37,0,25,,6.7138
hybrid_aco_sa,100,0.3,0,400000,22,0,10,,7.599
hybrid_ga_sa,100,0.3,0,400000,17,0,5,,286.2477
sa,100,0.3,0,400000,37,0,25,,1.394
aco,100,0.3,1,400001,57,0,46,,193.0833
dsatur,100,0.3,1,400001,11,0,0,,0.0038
ga,100,0.3,1,400001,38,0,27,,6.1774
gae,100,0.3,1,400001,40,0,29,,6.4456
hybrid_aco_sa,100,0.3,1,400001,23,0,12,,7.5577
hybrid_ga_sa,100,0.3,1,400001,16,0,5,,281.4834
sa,100,0.3,1,400001,39,0,28,,1.3881
aco,100,0.3,2,400002,58,0,47,,191.5883
dsatur,100,0.3,2,400002,11,0,0,,0.0038
ga,100,0.3,2,400002,37,0,26,,6.0763
gae,100,0.3,2,400002,36,0,25,,6.4187
hybrid_aco_sa,100,0.3,2,400002,23,0,12,,7.5538
hybrid_ga_sa,100,0.3,2,400002,17,0,6,,279.7284
sa,100,0.3,2,400002,40,0,29,,1.3645
aco,100,0.3,3,400003,56,0,43,,192.6105
dsatur,100,0.3,3,400003,13,0,0,,0.0039
ga,100,0.3,3,400003,35,0,22,,6.3084
gae,100,0.3,3,400003,37,0,24,,6.5105
hybrid_aco_sa,100,0.3,3,400003,24,0,11,,7.5178
hybrid_ga_sa,100,0.3,3,400003,16,0,3,,280.5383
sa,100,0.3,3,400003,40,0,27,,1.374
aco,100,0.3,4,400004,57,0,46,,191.2166
dsatur,100,0.3,4,400004,11,0,0,,0.0037
ga,100,0.3,4,400004,38,0,27,,6.1622
gae,100,0.3,4,400004,36,0,25,,6.3999
hybrid_aco_sa,100,0.3,4,400004,23,0,12,,7.5692
hybrid_ga_sa,100,0.3,4,400004,17,0,6,,278.7085
sa,100,0.3,4,400004,38,0,27,,1.377
aco,100,0.3,5,400005,58,0,47,,190.4544
dsatur,100,0.3,5,400005,11,0,0,,0.0038
ga,100,0.3,5,400005,36,0,25,,5.9733
gae,100,0.3,5,400005,37,0,26,,6.2807
hybrid_aco_sa,100,0.3,5,400005,24,0,13,,7.4839
hybrid_ga_sa,100,0.3,5,400005,16,0,5,,276.3853
sa,100,0.3,5,400005,38,0,27,,1.364
aco,100,0.3,6,400006,58,0,47,,193.4338
dsatur,100,0.3,6,400006,11,0,0,,0.0038
ga,100,0.3,6,400006,39,0,28,,6.2392
gae,100,0.3,6,400006,36,0,25,,6.5789
hybrid_aco_sa,100,0.3,6,400006,22,0,11,,7.5809
hybrid_ga_sa,100,0.3,6,400006,17,0,6,,282.2805
sa,100,0.3,6,400006,39,0,28,,1.3949
aco,100,0.3,7,400007,57,0,45,,191.9914
dsatur,100,0.3,7,400007,12,0,0,,0.0038
ga,100,0.3,7,400007,37,0,25,,6.121
gae,100,0.3,7,400007,38,0,26,,6.4766
hybrid_aco_sa,100,0.3,7,400007,23,0,11,,7.5672
hybrid_ga_sa,100,0.3,7,400007,16,0,4,,279.291
sa,100,0.3,7,400007,37,0,25,,1.3754
aco,100,0.3,8,400008,57,0,45,,193.4988
dsatur,100,0.3,8,400008,12,0,0,,0.0038
ga,100,0.3,8,400008,37,0,25,,6.2303
gae,100,0.3,8,400008,38,0,26,,6.5432
hybrid_aco_sa,100,0.3,8,400008,23,0,11,,7.5334
hybrid_ga_sa,100,0.3,8,400008,17,0,5,,281.9846
sa,100,0.3,8,400008,39,0,27,,1.3901
aco,100,0.3,9,400009,58,0,46,,193.0909
dsatur,100,0.3,9,400009,12,0,0,,0.0038
ga,100,0.3,9,400009,36,0,24,,6.2287
gae,100,0.3,9,400009,39,0,27,,6.6382
hybrid_aco_sa,100,0.3,9,400009,23,0,11,,7.5828
hybrid_ga_sa,100,0.3,9,400009,18,0,6,,282.8632
sa,100,0.3,9,400009,39,0,27,,1.3892
aco,100,0.3,10,400010,57,0,46,,193.1284
dsatur,100,0.3,10,400010,11,0,0,,0.0038
ga,100,0.3,10,400010,34,0,23,,6.3349
gae,100,0.3,10,400010,36,0,25,,6.6427
hybrid_aco_sa,100,0.3,10,400010,23,0,12,,7.5533
hybrid_ga_sa,100,0.3,10,400010,17,0,6,,282.1926
sa,100,0.3,10,400010,42,0,31,,1.4062
aco,100,0.3,11,400011,57,0,47,,189.6539
dsatur,100,0.3,11,400011,10,0,0,,0.0038
ga,100,0.3,11,400011,35,0,25,,6.0807
gae,100,0.3,11,400011,36,0,26,,6.405
hybrid_aco_sa,100,0.3,11,400011,22,0,12,,7.5034
hybrid_ga_sa,100,0.3,11,400011,17,0,7,,277.6895
sa,100,0.3,11,400011,39,0,29,,1.3698
aco,100,0.3,12,400012,55,0,43,,191.6654
dsatur,100,0.3,12,400012,12,0,0,,0.0038
ga,100,0.3,12,400012,36,0,24,,6.1907
gae,100,0.3,12,400012,39,0,27,,6.4595
hybrid_aco_sa,100,0.3,12,400012,23,0,11,,7.5306
hybrid_ga_sa,100,0.3,12,400012,16,0,4,,279.359
sa,100,0.3,12,400012,38,0,26,,1.3877
aco,100,0.3,13,400013,57,0,45,,192.5515
dsatur,100,0.3,13,400013,12,0,0,,0.0038
ga,100,0.3,13,400013,37,0,25,,6.2729
gae,100,0.3,13,400013,38,0,26,,6.5323
hybrid_aco_sa,100,0.3,13,400013,21,0,9,,7.5353
hybrid_ga_sa,100,0.3,13,400013,16,0,4,,280.3797
sa,100,0.3,13,400013,40,0,28,,1.3856
aco,100,0.3,14,400014,57,0,46,,191.2557
dsatur,100,0.3,14,400014,11,0,0,,0.0039
ga,100,0.3,14,400014,38,0,27,,6.0646
gae,100,0.3,14,400014,36,0,25,,6.4555
hybrid_aco_sa,100,0.3,14,400014,23,0,12,,7.4774
hybrid_ga_sa,100,0.3,14,400014,18,0,7,,279.6951
sa,100,0.3,14,400014,32,0,21,,1.3833
aco,100,0.3,15,400015,57,0,46,,188.6175
dsatur,100,0.3,15,400015,11,0,0,,0.0038
ga,100,0.3,15,400015,35,0,24,,5.9687
gae,100,0.3,15,400015,34,0,23,,6.2802
hybrid_aco_sa,100,0.3,15,400015,23,0,12,,7.3676
hybrid_ga_sa,100,0.3,15,400015,16,0,5,,273.8994
sa,100,0.3,15,400015,38,0,27,,1.3297
aco,100,0.3,16,400016,57,0,45,,193.4473
dsatur,100,0.3,16,400016,12,0,0,,0.0038
ga,100,0.3,16,400016,37,0,25,,6.2809
gae,100,0.3,16,400016,38,0,26,,6.5181
hybrid_aco_sa,100,0.3,16,400016,24,0,12,,7.5947
hybrid_ga_sa,100,0.3,16,400016,17,0,5,,283.1495
sa,100,0.3,16,400016,38,0,26,,1.3967
aco,100,0.3,17,400017,57,0,46,,190.9496
dsatur,100,0.3,17,400017,11,0,0,,0.0038
ga,100,0.3,17,400017,39,0,28,,6.1693
gae,100,0.3,17,400017,38,0,27,,6.5524
hybrid_aco_sa,100,0.3,17,400017,24,0,13,,7.5246
hybrid_ga_sa,100,0.3,17,400017,18,0,7,,279.2931
sa,100,0.3,17,400017,38,0,27,,1.3787
aco,100,0.3,18,400018,57,0,46,,192.2119
dsatur,100,0.3,18,400018,11,0,0,,0.0038
ga,100,0.3,18,400018,38,0,27,,6.2531
gae,100,0.3,18,400018,36,0,25,,6.4934
hybrid_aco_sa,100,0.3,18,400018,23,0,12,,7.5222
hybrid_ga_sa,100,0.3,18,400018,17,0,6,,280.312
sa,100,0.3,18,400018,38,0,27,,1.3742
aco,100,0.3,19,400019,58,0,47,,190.8589
dsatur,100,0.3,19,400019,11,0,0,,0.0038
ga,100,0.3,19,400019,35,0,24,,6.0499
gae,100,0.3,19,400019,39,0,28,,6.3946
hybrid_aco_sa,100,0.3,19,400019,22,0,11,,7.5037
hybrid_ga_sa,100,0.3,19,400019,17,0,6,,278.6226
sa,100,0.3,19,400019,36,0,25,,1.3951
aco,100,0.5,0,600000,63,0,45,,232.2208
dsatur,100,0.5,0,600000,18,0,0,,0.0041
ga,100,0.5,0,600000,44,0,26,,9.5866
gae,100,0.5,0,600000,40,0,22,,10.1528
hybrid_aco_sa,100,0.5,0,600000,28,0,10,,9.0916
hybrid_ga_sa,100,0.5,0,600000,21,0,3,,362.1375
sa,100,0.5,0,600000,42,0,24,,1.8081
aco,100,0.5,1,600001,61,0,42,,228.6139
dsatur,100,0.5,1,600001,19,0,0,,0.0039
ga,100,0.5,1,600001,44,0,25,,9.2268
gae,100,0.5,1,600001,43,0,24,,9.7381
hybrid_aco_sa,100,0.5,1,600001,29,0,10,,9.0178
hybrid_ga_sa,100,0.5,1,600001,21,0,2,,355.2586
sa,100,0.5,1,600001,40,0,21,,1.7701
aco,100,0.5,2,600002,63,0,44,,232.2429
dsatur,100,0.5,2,600002,19,0,0,,0.0039
ga,100,0.5,2,600002,43,0,24,,9.3604
gae,100,0.5,2,600002,43,0,24,,9.9749
hybrid_aco_sa,100,0.5,2,600002,28,0,9,,9.1155
hybrid_ga_sa,100,0.5,2,600002,22,0,3,,358.5745
sa,100,0.5,2,600002,43,0,24,,1.8209
aco,100,0.5,3,600003,62,0,44,,228.4359
dsatur,100,0.5,3,600003,18,0,0,,0.0039
ga,100,0.5,3,600003,44,0,26,,9.0819
gae,100,0.5,3,600003,40,0,22,,9.6474
hybrid_aco_sa,100,0.5,3,600003,29,0,11,,9.0073
hybrid_ga_sa,100,0.5,3,600003,21,0,3,,352.8889
sa,100,0.5,3,600003,43,0,25,,1.7656
aco,100,0.5,4,600004,63,0,44,,230.1665
dsatur,100,0.5,4,600004,19,0,0,,0.004
ga,100,0.5,4,600004,41,0,22,,9.2333
gae,100,0.5,4,600004,41,0,22,,9.642
hybrid_aco_sa,100,0.5,4,600004,29,0,10,,9.1119
hybrid_ga_sa,100,0.5,4,600004,20,0,1,,356.3781
sa,100,0.5,4,600004,46,0,27,,1.7914
aco,100,0.5,5,600005,62,0,44,,229.6227
dsatur,100,0.5,5,600005,18,0,0,,0.004
ga,100,0.5,5,600005,43,0,25,,9.2442
gae,100,0.5,5,600005,45,0,27,,9.5699
hybrid_aco_sa,100,0.5,5,600005,27,0,9,,9.0622
hybrid_ga_sa,100,0.5,5,600005,20,0,2,,357.6225
sa,100,0.5,5,600005,42,0,24,,1.7704
aco,100,0.5,6,600006,61,0,43,,230.0758
dsatur,100,0.5,6,600006,18,0,0,,0.004
ga,100,0.5,6,600006,43,0,25,,9.0758
gae,100,0.5,6,600006,41,0,23,,9.5426
hybrid_aco_sa,100,0.5,6,600006,29,0,11,,9.0294
hybrid_ga_sa,100,0.5,6,600006,21,0,3,,354.2877
sa,100,0.5,6,600006,44,0,26,,1.7725
aco,100,0.5,7,600007,62,0,44,,232.0134
dsatur,100,0.5,7,600007,18,0,0,,0.004
ga,100,0.5,7,600007,43,0,25,,9.4464
gae,100,0.5,7,600007,40,0,22,,9.7863
hybrid_aco_sa,100,0.5,7,600007,28,0,10,,9.145
hybrid_ga_sa,100,0.5,7,600007,22,0,4,,360.3017
sa,100,0.5,7,600007,43,0,25,,1.7928
aco,100,0.5,8,600008,62,0,43,,230.593
dsatur,100,0.5,8,600008,19,0,0,,0.0039
ga,100,0.5,8,600008,41,0,22,,9.1012
gae,100,0.5,8,600008,44,0,25,,9.5633
hybrid_aco_sa,100,0.5,8,600008,27,0,8,,9.0423
hybrid_ga_sa,100,0.5,8,600008,21,0,2,,356.1803
sa,100,0.5,8,600008,48,0,29,,1.7817
aco,100,0.5,9,600009,63,0,45,,228.5766
dsatur,100,0.5,9,600009,18,0,0,,0.0039
ga,100,0.5,9,600009,43,0,25,,9.2363
gae,100,0.5,9,600009,40,0,22,,9.623
hybrid_aco_sa,100,0.5,9,600009,29,0,11,,9.0455
hybrid_ga_sa,100,0.5,9,600009,21,0,3,,353.9744
sa,100,0.5,9,600009,44,0,26,,1.7603
aco,100,0.5,10,600010,61,0,44,,228.9089
dsatur,100,0.5,10,600010,17,0,0,,0.0039
ga,100,0.5,10,600010,42,0,25,,9.1551
gae,100,0.5,10,600010,43,0,26,,9.5707
hybrid_aco_sa,100,0.5,10,600010,28,0,11,,9.0464
hybrid_ga_sa,100,0.5,10,600010,21,0,4,,355.4297
sa,100,0.5,10,600010,44,0,27,,1.773
aco,100,0.5,11,600011,62,0,44,,229.3365
dsatur,100,0.5,11,600011,18,0,0,,0.0039
ga,100,0.5,11,600011,44,0,26,,9.2825
gae,100,0.5,11,600011,45,0,27,,9.8367
hybrid_aco_sa,100,0.5,11,600011,29,0,11,,9.04
hybrid_ga_sa,100,0.5,11,600011,21,0,3,,357.1792
sa,100,0.5,11,600011,46,0,28,,1.7746
aco,100,0.5,12,600012,63,0,44,,230.8354
dsatur,100,0.5,12,600012,19,0,0,,0.004
ga,100,0.5,12,600012,45,0,26,,9.3242
gae,100,0.5,12,600012,43,0,24,,9.7131
hybrid_aco_sa,100,0.5,12,600012,28,0,9,,9.0001
hybrid_ga_sa,100,0.5,12,600012,21,0,2,,356.7266
sa,100,0.5,12,600012,41,0,22,,1.7756
aco,100,0.5,13,600013,62,0,44,,230.0624
dsatur,100,0.5,13,600013,18,0,0,,0.0039
ga,100,0.5,13,600013,44,0,26,,9.151
gae,100,0.5,13,600013,40,0,22,,9.5724
hybrid_aco_sa,100,0.5,13,600013,29,0,11,,9.0421
hybrid_ga_sa,100,0.5,13,600013,21,0,3,,355.5285
sa,100,0.5,13,600013,42,0,24,,1.7809
aco,100,0.5,14,600014,61,0,43,,229.1056
dsatur,100,0.5,14,600014,18,0,0,,0.0039
ga,100,0.5,14,600014,46,0,28,,9.2029
gae,100,0.5,14,600014,41,0,23,,9.5812
hybrid_aco_sa,100,0.5,14,600014,28,0,10,,9.0706
hybrid_ga_sa,100,0.5,14,600014,21,0,3,,355.5874
sa,100,0.5,14,600014,42,0,24,,1.7638
aco,100,0.5,15,600015,62,0,43,,228.2275
dsatur,100,0.5,15,600015,19,0,0,,0.004
ga,100,0.5,15,600015,43,0,24,,9.0519
gae,100,0.5,15,600015,43,0,24,,9.5401
hybrid_aco_sa,100,0.5,15,600015,29,0,10,,9.008
hybrid_ga_sa,100,0.5,15,600015,21,0,2,,353.0684
sa,100,0.5,15,600015,41,0,22,,1.7981
aco,100,0.5,16,600016,60,0,43,,229.1355
dsatur,100,0.5,16,600016,17,0,0,,0.004
ga,100,0.5,16,600016,45,0,28,,9.2312
gae,100,0.5,16,600016,41,0,24,,9.5799
hybrid_aco_sa,100,0.5,16,600016,28,0,11,,9.0317
hybrid_ga_sa,100,0.5,16,600016,20,0,3,,354.6419
sa,100,0.5,16,600016,46,0,29,,1.7742
aco,100,0.5,17,600017,63,0,45,,231.2025
dsatur,100,0.5,17,600017,18,0,0,,0.004
ga,100,0.5,17,600017,40,0,22,,9.2994
gae,100,0.5,17,600017,42,0,24,,9.8107
hybrid_aco_sa,100,0.5,17,600017,30,0,12,,9.1402
hybrid_ga_sa,100,0.5,17,600017,20,0,2,,356.8716
sa,100,0.5,17,600017,42,0,24,,1.8079
aco,100,0.5,18,600018,62,0,44,,230.1918
dsatur,100,0.5,18,600018,18,0,0,,0.004
ga,100,0.5,18,600018,42,0,24,,9.2991
gae,100,0.5,18,600018,42,0,24,,9.5903
hybrid_aco_sa,100,0.5,18,600018,30,0,12,,9.0576
hybrid_ga_sa,100,0.5,18,600018,20,0,2,,356.6688
sa,100,0.5,18,600018,44,0,26,,1.7954
aco,100,0.5,19,600019,62,0,44,,231.5327
dsatur,100,0.5,19,600019,18,0,0,,0.004
ga,100,0.5,19,600019,42,0,24,,9.3689
gae,100,0.5,19,600019,42,0,24,,9.761
hybrid_aco_sa,100,0.5,19,600019,29,0,11,,9.0615
hybrid_ga_sa,100,0.5,19,600019,21,0,3,,356.5972
sa,100,0.5,19,600019,44,0,26,,1.7922
aco,100,0.7,0,800000,69,0,42,,262.2756
dsatur,100,0.7,0,800000,27,0,0,,0.0042
ga,100,0.7,0,800000,50,0,23,,12.2645
gae,100,0.7,0,800000,49,0,22,,12.8412
hybrid_aco_sa,100,0.7,0,800000,36,0,9,,10.4016
hybrid_ga_sa,100,0.7,0,800000,25,0,-2,,431.0842
sa,100,0.7,0,800000,48,0,21,,2.1454
aco,100,0.7,1,800001,68,0,43,,258.1227
dsatur,100,0.7,1,800001,25,0,0,,0.0042
ga,100,0.7,1,800001,51,0,26,,12.2992
gae,100,0.7,1,800001,49,0,24,,12.6083
hybrid_aco_sa,100,0.7,1,800001,33,0,8,,10.3322
hybrid_ga_sa,100,0.7,1,800001,25,0,0,,423.7212
sa,100,0.7,1,800001,52,0,27,,2.1125
aco,100,0.7,2,800002,69,0,42,,262.1048
dsatur,100,0.7,2,800002,27,0,0,,0.0041
ga,100,0.7,2,800002,52,0,25,,12.2235
gae,100,0.7,2,800002,47,0,20,,12.8269
hybrid_aco_sa,100,0.7,2,800002,34,0,7,,10.4591
hybrid_ga_sa,100,0.7,2,800002,26,0,-1,,429.5241
sa,100,0.7,2,800002,48,0,21,,2.1657
aco,100,0.7,3,800003,68,0,41,,264.723
dsatur,100,0.7,3,800003,27,0,0,,0.0042
ga,100,0.7,3,800003,50,0,23,,12.3036
gae,100,0.7,3,800003,50,0,23,,12.9971
hybrid_aco_sa,100,0.7,3,800003,34,0,7,,10.4181
hybrid_ga_sa,100,0.7,3,800003,27,0,0,,433.009
sa,100,0.7,3,800003,54,0,27,,2.1878
aco,100,0.7,4,800004,69,0,44,,261.9399
dsatur,100,0.7,4,800004,25,0,0,,0.0043
ga,100,0.7,4,800004,52,0,27,,12.1271
gae,100,0.7,4,800004,51,0,26,,12.7397
hybrid_aco_sa,100,0.7,4,800004,34,0,9,,10.3748
hybrid_ga_sa,100,0.7,4,800004,27,0,2,,425.1567
sa,100,0.7,4,800004,49,0,24,,2.1853
aco,100,0.7,5,800005,68,0,40,,265.5893
dsatur,100,0.7,5,800005,28,0,0,,0.0043
ga,100,0.7,5,800005,49,0,21,,12.5712
gae,100,0.7,5,800005,51,0,23,,13.2385
hybrid_aco_sa,100,0.7,5,800005,34,0,6,,10.5452
hybrid_ga_sa,100,0.7,5,800005,27,0,-1,,435.4751
sa,100,0.7,5,800005,48,0,20,,2.1879
aco,100,0.7,6,800006,70,0,42,,261.7453
dsatur,100,0.7,6,800006,28,0,0,,0.0042
ga,100,0.7,6,800006,51,0,23,,12.0931
gae,100,0.7,6,800006,52,0,24,,12.6232
hybrid_aco_sa,100,0.7,6,800006,33,0,5,,10.3777
hybrid_ga_sa,100,0.7,6,800006,27,0,-1,,426.8788
sa,100,0.7,6,800006,49,0,21,,2.1619
aco,100,0.7,7,800007,69,0,43,,259.1881
dsatur,100,0.7,7,800007,26,0,0,,0.0043
ga,100,0.7,7,800007,51,0,25,,12.1708
gae,100,0.7,7,800007,50,0,24,,12.464
hybrid_aco_sa,100,0.7,7,800007,34,0,8,,10.5009
hybrid_ga_sa,100,0.7,7,800007,26,0,0,,427.0849
sa,100,0.7,7,800007,50,0,24,,2.149
aco,100,0.7,8,800008,69,0,42,,261.5385
dsatur,100,0.7,8,800008,27,0,0,,0.0042
ga,100,0.7,8,800008,51,0,24,,12.2617
gae,100,0.7,8,800008,50,0,23,,12.6584
hybrid_aco_sa,100,0.7,8,800008,34,0,7,,10.4558
hybrid_ga_sa,100,0.7,8,800008,27,0,0,,427.6467
sa,100,0.7,8,800008,51,0,24,,2.1325
aco,100,0.7,9,800009,70,0,44,,262.7013
dsatur,100,0.7,9,800009,26,0,0,,0.0042
ga,100,0.7,9,800009,51,0,25,,12.3
gae,100,0.7,9,800009,51,0,25,,12.6793
hybrid_aco_sa,100,0.7,9,800009,34,0,8,,10.4696
hybrid_ga_sa,100,0.7,9,800009,26,0,0,,429.0332
sa,100,0.7,9,800009,49,0,23,,2.1469
aco,100,0.7,10,800010,67,0,41,,263.5986
dsatur,100,0.7,10,800010,26,0,0,,0.0043
ga,100,0.7,10,800010,51,0,25,,12.1888
gae,100,0.7,10,800010,48,0,22,,12.9613
hybrid_aco_sa,100,0.7,10,800010,35,0,9,,10.4561
hybrid_ga_sa,100,0.7,10,800010,27,0,1,,432.5081
sa,100,0.7,10,800010,49,0,23,,2.193
aco,100,0.7,11,800011,69,0,42,,261.2251
dsatur,100,0.7,11,800011,27,0,0,,0.0043
ga,100,0.7,11,800011,53,0,26,,12.3566
gae,100,0.7,11,800011,49,0,22,,12.8503
hybrid_aco_sa,100,0.7,11,800011,37,0,10,,10.4411
hybrid_ga_sa,100,0.7,11,800011,26,0,-1,,428.3164
sa,100,0.7,11,800011,48,0,21,,2.1487
aco,100,0.7,12,800012,69,0,42,,262.4539
dsatur,100,0.7,12,800012,27,0,0,,0.0043
ga,100,0.7,12,800012,52,0,25,,12.1889
gae,100,0.7,12,800012,51,0,24,,12.829
hybrid_aco_sa,100,0.7,12,800012,34,0,7,,10.484
hybrid_ga_sa,100,0.7,12,800012,26,0,-1,,429.4716
sa,100,0.7,12,800012,48,0,21,,2.1449
aco,100,0.7,13,800013,70,0,41,,264.319
dsatur,100,0.7,13,800013,29,0,0,,0.0043
ga,100,0.7,13,800013,48,0,19,,12.1674
gae,100,0.7,13,800013,49,0,20,,12.9224
hybrid_aco_sa,100,0.7,13,800013,34,0,5,,10.4812
hybrid_ga_sa,100,0.7,13,800013,27,0,-2,,431.6365
sa,100,0.7,13,800013,48,0,19,,2.1896
aco,100,0.7,14,800014,68,0,41,,262.4766
dsatur,100,0.7,14,800014,27,0,0,,0.0042
ga,100,0.7,14,800014,50,0,23,,12.4366
gae,100,0.7,14,800014,49,0,22,,12.8409
hybrid_aco_sa,100,0.7,14,800014,35,0,8,,10.4981
hybrid_ga_sa,100,0.7,14,800014,26,0,-1,,429.7926
sa,100,0.7,14,800014,49,0,22,,2.1721
aco,100,0.7,15,800015,69,0,42,,263.1851
dsatur,100,0.7,15,800015,27,0,0,,0.0042
ga,100,0.7,15,800015,50,0,23,,12.2969
gae,100,0.7,15,800015,52,0,25,,12.9086
hybrid_aco_sa,100,0.7,15,800015,35,0,8,,10.4322
hybrid_ga_sa,100,0.7,15,800015,26,0,-1,,430.2604
sa,100,0.7,15,800015,51,0,24,,2.1578
aco,100,0.7,16,800016,69,0,44,,262.7478
dsatur,100,0.7,16,800016,25,0,0,,0.0042
ga,100,0.7,16,800016,51,0,26,,12.3653
gae,100,0.7,16,800016,51,0,26,,13.0382
hybrid_aco_sa,100,0.7,16,800016,35,0,10,,9.5888
hybrid_ga_sa,100,0.7,16,800016,27,0,2,,423.6993
sa,100,0.7,16,800016,50,0,25,,2.1735
aco,100,0.7,17,800017,68,0,41,,243.0205
dsatur,100,0.7,17,800017,27,0,0,,0.0039
ga,100,0.7,17,800017,50,0,23,,11.0879
gae,100,0.7,17,800017,49,0,22,,11.811
hybrid_aco_sa,100,0.7,17,800017,35,0,8,,9.6908
hybrid_ga_sa,100,0.7,17,800017,27,0,0,,398.2587
sa,100,0.7,17,800017,50,0,23,,1.98
aco,100,0.7,18,800018,67,0,42,,240.7022
dsatur,100,0.7,18,800018,25,0,0,,0.0041
ga,100,0.7,18,800018,50,0,25,,11.2705
gae,100,0.7,18,800018,50,0,25,,11.5914
hybrid_aco_sa,100,0.7,18,800018,33,0,8,,9.5613
hybrid_ga_sa,100,0.7,18,800018,24,0,-1,,392.9357
sa,100,0.7,18,800018,48,0,23,,1.999
aco,100,0.7,19,800019,69,0,44,,241.8019
dsatur,100,0.7,19,800019,25,0,0,,0.0039
ga,100,0.7,19,800019,53,0,28,,11.2673
gae,100,0.7,19,800019,52,0,27,,11.7759
hybrid_aco_sa,100,0.7,19,800019,34,0,9,,9.6966
hybrid_ga_sa,100,0.7,19,800019,27,0,2,,400.1709
sa,100,0.7,19,800019,51,0,26,,1.9828
aco,150,0.3,0,450000,89,0,73,,348.2952
dsatur,150,0.3,0,450000,16,0,0,,0.0083
ga,150,0.3,0,450000,65,0,49,,12.7651
gae,150,0.3,0,450000,61,0,45,,13.4901
hybrid_aco_sa,150,0.3,0,450000,34,0,18,,13.6396
hybrid_ga_sa,150,0.3,0,450000,25,0,9,,508.9091
sa,150,0.3,0,450000,57,0,41,,2.53
aco,150,0.3,1,450001,90,0,74,,350.4144
dsatur,150,0.3,1,450001,16,0,0,,0.0083
ga,150,0.3,1,450001,60,0,44,,12.6993
gae,150,0.3,1,450001,61,0,45,,13.4399
hybrid_aco_sa,150,0.3,1,450001,36,0,20,,13.6861
hybrid_ga_sa,150,0.3,1,450001,25,0,9,,509.8181
sa,150,0.3,1,450001,57,0,41,,2.5426
aco,150,0.3,2,450002,88,0,73,,349.4034
dsatur,150,0.3,2,450002,15,0,0,,0.008
ga,150,0.3,2,450002,60,0,45,,12.8183
gae,150,0.3,2,450002,62,0,47,,13.403
hybrid_aco_sa,150,0.3,2,450002,35,0,20,,13.68
hybrid_ga_sa,150,0.3,2,450002,26,0,11,,507.5741
sa,150,0.3,2,450002,57,0,42,,2.5403
aco,150,0.3,3,450003,91,0,75,,350.7426
dsatur,150,0.3,3,450003,16,0,0,,0.0082
ga,150,0.3,3,450003,63,0,47,,12.82
gae,150,0.3,3,450003,62,0,46,,13.3269
hybrid_aco_sa,150,0.3,3,450003,36,0,20,,13.6956
hybrid_ga_sa,150,0.3,3,450003,26,0,10,,510.2721
sa,150,0.3,3,450003,58,0,42,,2.5396
aco,150,0.3,4,450004,90,0,74,,348.7182
dsatur,150,0.3,4,450004,16,0,0,,0.0081
ga,150,0.3,4,450004,64,0,48,,12.6006
gae,150,0.3,4,450004,62,0,46,,13.171
hybrid_aco_sa,150,0.3,4,450004,35,0,19,,13.6805
hybrid_ga_sa,150,0.3,4,450004,25,0,9,,509.2473
sa,150,0.3,4,450004,57,0,41,,2.5131
aco,150,0.3,5,450005,89,0,73,,352.4982
dsatur,150,0.3,5,450005,16,0,0,,0.0083
ga,150,0.3,5,450005,65,0,49,,12.9614
gae,150,0.3,5,450005,62,0,46,,13.4985
hybrid_aco_sa,150,0.3,5,450005,34,0,18,,13.7176
hybrid_ga_sa,150,0.3,5,450005,25,0,9,,513.1188
sa,150,0.3,5,450005,54,0,38,,2.5816
aco,150,0.3,6,450006,91,0,76,,353.3457
dsatur,150,0.3,6,450006,15,0,0,,0.0081
ga,150,0.3,6,450006,66,0,51,,12.7497
gae,150,0.3,6,450006,63,0,48,,13.3415
hybrid_aco_sa,150,0.3,6,450006,35,0,20,,13.8025
hybrid_ga_sa,150,0.3,6,450006,26,0,11,,515.3957
sa,150,0.3,6,450006,59,0,44,,2.567
aco,150,0.3,7,450007,91,0,75,,352.9078
dsatur,150,0.3,7,450007,16,0,0,,0.0082
ga,150,0.3,7,450007,61,0,45,,13.1724
gae,150,0.3,7,450007,62,0,46,,13.7177
hybrid_aco_sa,150,0.3,7,450007,35,0,19,,13.8147
hybrid_ga_sa,150,0.3,7,450007,26,0,10,,514.7037
sa,150,0.3,7,450007,56,0,40,,2.5451
aco,150,0.3,8,450008,88,0,72,,350.2599
dsatur,150,0.3,8,450008,16,0,0,,0.0084
ga,150,0.3,8,450008,61,0,45,,12.5761
gae,150,0.3,8,450008,62,0,46,,13.2334
hybrid_aco_sa,150,0.3,8,450008,36,0,20,,13.655
hybrid_ga_sa,150,0.3,8,450008,26,0,10,,508.9687
sa,150,0.3,8,450008,60,0,44,,2.534
aco,150,0.3,9,450009,89,0,74,,352.6368
dsatur,150,0.3,9,450009,15,0,0,,0.0081
ga,150,0.3,9,450009,62,0,47,,12.9901
gae,150,0.3,9,450009,64,0,49,,13.4421
hybrid_aco_sa,150,0.3,9,450009,35,0,20,,13.7437
hybrid_ga_sa,150,0.3,9,450009,27,0,12,,514.0714
sa,150,0.3,9,450009,55,0,40,,2.5648
aco,150,0.3,10,450010,90,0,75,,349.7322
dsatur,150,0.3,10,450010,15,0,0,,0.0082
ga,150,0.3,10,450010,61,0,46,,12.8229
gae,150,0.3,10,450010,62,0,47,,13.3087
hybrid_aco_sa,150,0.3,10,450010,36,0,21,,13.6687
hybrid_ga_sa,150,0.3,10,450010,26,0,11,,508.0315
sa,150,0.3,10,450010,59,0,44,,2.4912
aco,150,0.3,11,450011,89,0,73,,350.7668
dsatur,150,0.3,11,450011,16,0,0,,0.0082
ga,150,0.3,11,450011,64,0,48,,12.7
gae,150,0.3,11,450011,61,0,45,,13.43
hybrid_aco_sa,150,0.3,11,450011,34,0,18,,13.6954
hybrid_ga_sa,150,0.3,11,450011,25,0,9,,508.5562
sa,150,0.3,11,450011,57,0,41,,2.5105
aco,150,0.3,12,450012,89,0,73,,347.0289
dsatur,150,0.3,12,450012,16,0,0,,0.0081
ga,150,0.3,12,450012,61,0,45,,12.538
gae,150,0.3,12,450012,62,0,46,,13.4252
hybrid_aco_sa,150,0.3,12,450012,34,0,18,,13.6661
hybrid_ga_sa,150,0.3,12,450012,25,0,9,,505.5117
sa,150,0.3,12,450012,55,0,39,,2.493
aco,150,0.3,13,450013,89,0,73,,348.2928
dsatur,150,0.3,13,450013,16,0,0,,0.0081
ga,150,0.3,13,450013,62,0,46,,12.5935
gae,150,0.3,13,450013,64,0,48,,13.2417
hybrid_aco_sa,150,0.3,13,450013,34,0,18,,12.7082
hybrid_ga_sa,150,0.3,13,450013,25,0,9,,485.8327
sa,150,0.3,13,450013,55,0,39,,2.4762
aco,150,0.3,14,450014,89,0,74,,324.6452
dsatur,150,0.3,14,450014,15,0,0,,0.0076
ga,150,0.3,14,450014,62,0,47,,11.7548
gae,150,0.3,14,450014,62,0,47,,12.3594
hybrid_aco_sa,150,0.3,14,450014,34,0,19,,12.6108
hybrid_ga_sa,150,0.3,14,450014,24,0,9,,469.9841
sa,150,0.3,14,450014,55,0,40,,2.3125
aco,150,0.3,15,450015,90,0,75,,322.9162
dsatur,150,0.3,15,450015,15,0,0,,0.0075
ga,150,0.3,15,450015,62,0,47,,11.6333
gae,150,0.3,15,450015,58,0,43,,12.2839
hybrid_aco_sa,150,0.3,15,450015,35,0,20,,12.703
hybrid_ga_sa,150,0.3,15,450015,26,0,11,,470.8004
sa,150,0.3,15,450015,58,0,43,,2.3224
aco,150,0.3,16,450016,89,0,74,,325.4013
dsatur,150,0.3,16,450016,15,0,0,,0.0076
ga,150,0.3,16,450016,64,0,49,,12.2132
gae,150,0.3,16,450016,61,0,46,,12.5222
hybrid_aco_sa,150,0.3,16,450016,34,0,19,,12.6592
hybrid_ga_sa,150,0.3,16,450016,25,0,10,,469.6495
sa,150,0.3,16,450016,60,0,45,,2.3349
aco,150,0.3,17,450017,88,0,72,,322.6812
dsatur,150,0.3,17,450017,16,0,0,,0.0077
ga,150,0.3,17,450017,59,0,43,,11.6239
gae,150,0.3,17,450017,63,0,47,,12.1115
hybrid_aco_sa,150,0.3,17,450017,34,0,18,,12.6328
hybrid_ga_sa,150,0.3,17,450017,24,0,8,,469.3758
sa,150,0.3,17,450017,58,0,42,,2.324
aco,150,0.3,18,450018,89,0,73,,323.836
dsatur,150,0.3,18,450018,16,0,0,,0.0075
ga,150,0.3,18,450018,60,0,44,,11.6523
gae,150,0.3,18,450018,58,0,42,,12.3856
hybrid_aco_sa,150,0.3,18,450018,34,0,18,,12.5707
hybrid_ga_sa,150,0.3,18,450018,24,0,8,,470.8651
sa,150,0.3,18,450018,60,0,44,,2.3219
aco,150,0.3,19,450019,90,0,75,,321.5368
dsatur,150,0.3,19,450019,15,0,0,,0.0075
ga,150,0.3,19,450019,61,0,46,,11.7211
gae,150,0.3,19,450019,63,0,48,,12.1066
hybrid_aco_sa,150,0.3,19,450019,36,0,21,,12.5524
hybrid_ga_sa,150,0.3,19,450019,25,0,10,,465.189
sa,150,0.3,19,450019,55,0,40,,2.2704
aco,150,0.5,0,650000,96,0,71,,430.6282
dsatur,150,0.5,0,650000,25,0,0,,0.009
ga,150,0.5,0,650000,73,0,48,,19.5741
gae,150,0.5,0,650000,73,0,48,,20.6907
hybrid_aco_sa,150,0.5,0,650000,42,0,17,,17.0709
hybrid_ga_sa,150,0.5,0,650000,31,0,6,,682.8906
sa,150,0.5,0,650000,65,0,40,,3.4407
aco,150,0.5,1,650001,97,0,73,,432.205
dsatur,150,0.5,1,650001,24,0,0,,0.0088
ga,150,0.5,1,650001,71,0,47,,19.3677
gae,150,0.5,1,650001,75,0,51,,19.965
hybrid_aco_sa,150,0.5,1,650001,41,0,17,,16.9861
hybrid_ga_sa,150,0.5,1,650001,32,0,8,,680.1033
sa,150,0.5,1,650001,65,0,41,,3.4123
aco,150,0.5,2,650002,98,0,72,,431.7646
dsatur,150,0.5,2,650002,26,0,0,,0.0088
ga,150,0.5,2,650002,75,0,49,,19.3576
gae,150,0.5,2,650002,76,0,50,,20.4057
hybrid_aco_sa,150,0.5,2,650002,42,0,16,,16.9801
hybrid_ga_sa,150,0.5,2,650002,31,0,5,,681.6545
sa,150,0.5,2,650002,65,0,39,,3.3716
aco,150,0.5,3,650003,97,0,73,,431.3544
dsatur,150,0.5,3,650003,24,0,0,,0.0088
ga,150,0.5,3,650003,75,0,51,,19.6623
gae,150,0.5,3,650003,72,0,48,,20.7358
hybrid_aco_sa,150,0.5,3,650003,42,0,18,,16.9372
hybrid_ga_sa,150,0.5,3,650003,32,0,8,,679.7003
sa,150,0.5,3,650003,70,0,46,,3.3946
aco,150,0.5,4,650004,97,0,72,,433.4331
dsatur,150,0.5,4,650004,25,0,0,,0.0089
ga,150,0.5,4,650004,78,0,53,,19.959
gae,150,0.5,4,650004,74,0,49,,20.7337
hybrid_aco_sa,150,0.5,4,650004,44,0,19,,16.9888
hybrid_ga_sa,150,0.5,4,650004,32,0,7,,681.1951
sa,150,0.5,4,650004,65,0,40,,3.4402
aco,150,0.5,5,650005,95,0,70,,429.2172
dsatur,150,0.5,5,650005,25,0,0,,0.0088
ga,150,0.5,5,650005,72,0,47,,19.1814
gae,150,0.5,5,650005,66,0,41,,20.5521
hybrid_aco_sa,150,0.5,5,650005,43,0,18,,16.8258
hybrid_ga_sa,150,0.5,5,650005,32,0,7,,668.5196
sa,150,0.5,5,650005,63,0,38,,3.346
aco,150,0.5,6,650006,97,0,73,,429.8401
dsatur,150,0.5,6,650006,24,0,0,,0.0087
ga,150,0.5,6,650006,74,0,50,,18.9979
gae,150,0.5,6,650006,73,0,49,,19.801
hybrid_aco_sa,150,0.5,6,650006,43,0,19,,16.9998
hybrid_ga_sa,150,0.5,6,650006,31,0,7,,676.5064
sa,150,0.5,6,650006,68,0,44,,3.4297
aco,150,0.5,7,650007,96,0,71,,434.0162
dsatur,150,0.5,7,650007,25,0,0,,0.0089
ga,150,0.5,7,650007,72,0,47,,19.5925
gae,150,0.5,7,650007,72,0,47,,20.4898
hybrid_aco_sa,150,0.5,7,650007,42,0,17,,17.0903
hybrid_ga_sa,150,0.5,7,650007,32,0,7,,686.5734
sa,150,0.5,7,650007,66,0,41,,3.406
aco,150,0.5,8,650008,98,0,73,,429.0622
dsatur,150,0.5,8,650008,25,0,0,,0.0087
ga,150,0.5,8,650008,72,0,47,,19.4336
gae,150,0.5,8,650008,75,0,50,,20.2121
hybrid_aco_sa,150,0.5,8,650008,44,0,19,,16.9249
hybrid_ga_sa,150,0.5,8,650008,31,0,6,,676.7339
sa,150,0.5,8,650008,65,0,40,,3.3472
aco,150,0.5,9,650009,98,0,72,,433.2782
dsatur,150,0.5,9,650009,26,0,0,,0.0089
ga,150,0.5,9,650009,71,0,45,,19.6513
gae,150,0.5,9,650009,72,0,46,,20.6425
hybrid_aco_sa,150,0.5,9,650009,43,0,17,,17.0182
hybrid_ga_sa,150,0.5,9,650009,32,0,6,,681.7955
sa,150,0.5,9,650009,65,0,39,,3.4016
aco,150,0.5,10,650010,97,0,73,,431.4562
dsatur,150,0.5,10,650010,24,0,0,,0.0088
ga,150,0.5,10,650010,74,0,50,,19.3989
gae,150,0.5,10,650010,71,0,47,,20.4853
hybrid_aco_sa,150,0.5,10,650010,43,0,19,,15.6581
hybrid_ga_sa,150,0.5,10,650010,31,0,7,,631.4377
sa,150,0.5,10,650010,65,0,41,,3.379
aco,150,0.5,11,650011,98,0,72,,402.6223
dsatur,150,0.5,11,650011,26,0,0,,0.0083
ga,150,0.5,11,650011,77,0,51,,18.3647
gae,150,0.5,11,650011,74,0,48,,19.3232
hybrid_aco_sa,150,0.5,11,650011,43,0,17,,15.7518
hybrid_ga_sa,150,0.5,11,650011,31,0,5,,630.9822
sa,150,0.5,11,650011,68,0,42,,3.1772
aco,150,0.5,12,650012,95,0,70,,393.6845
dsatur,150,0.5,12,650012,25,0,0,,0.0081
ga,150,0.5,12,650012,73,0,48,,17.6878
gae,150,0.5,12,650012,71,0,46,,18.5142
hybrid_aco_sa,150,0.5,12,650012,43,0,18,,15.5723
hybrid_ga_sa,150,0.5,12,650012,31,0,6,,619.6333
sa,150,0.5,12,650012,65,0,40,,3.1207
aco,150,0.5,13,650013,98,0,73,,398.3777
dsatur,150,0.5,13,650013,25,0,0,,0.0083
ga,150,0.5,13,650013,76,0,51,,18.0375
gae,150,0.5,13,650013,73,0,48,,19.3063
hybrid_aco_sa,150,0.5,13,650013,44,0,19,,15.6537
hybrid_ga_sa,150,0.5,13,650013,31,0,6,,627.0231
sa,150,0.5,13,650013,65,0,40,,3.169
aco,150,0.5,14,650014,98,0,72,,403.5229
dsatur,150,0.5,14,650014,26,0,0,,0.0082
ga,150,0.5,14,650014,77,0,51,,18.3038
gae,150,0.5,14,650014,79,0,53,,19.1359
hybrid_aco_sa,150,0.5,14,650014,42,0,16,,15.8057
hybrid_ga_sa,150,0.5,14,650014,33,0,7,,636.4145
sa,150,0.5,14,650014,68,0,42,,3.2187
aco,150,0.5,15,650015,96,0,71,,397.2639
dsatur,150,0.5,15,650015,25,0,0,,0.0081
ga,150,0.5,15,650015,77,0,52,,18.3233
gae,150,0.5,15,650015,72,0,47,,18.6994
hybrid_aco_sa,150,0.5,15,650015,42,0,17,,15.6178
hybrid_ga_sa,150,0.5,15,650015,32,0,7,,625.4745
sa,150,0.5,15,650015,68,0,43,,3.1201
aco,150,0.5,16,650016,96,0,70,,396.531
dsatur,150,0.5,16,650016,26,0,0,,0.0082
ga,150,0.5,16,650016,72,0,46,,17.6663
gae,150,0.5,16,650016,72,0,46,,18.7535
hybrid_aco_sa,150,0.5,16,650016,42,0,16,,15.529
hybrid_ga_sa,150,0.5,16,650016,32,0,6,,624.8604
sa,150,0.5,16,650016,65,0,39,,3.1125
aco,150,0.5,17,650017,96,0,72,,395.4113
dsatur,150,0.5,17,650017,24,0,0,,0.0082
ga,150,0.5,17,650017,72,0,48,,17.9834
gae,150,0.5,17,650017,74,0,50,,18.8377
hybrid_aco_sa,150,0.5,17,650017,41,0,17,,15.6095
hybrid_ga_sa,150,0.5,17,650017,33,0,9,,624.5435
sa,150,0.5,17,650017,66,0,42,,3.0881
aco,150,0.5,18,650018,96,0,72,,391.5598
dsatur,150,0.5,18,650018,24,0,0,,0.008
ga,150,0.5,18,650018,71,0,47,,17.5597
gae,150,0.5,18,650018,71,0,47,,18.201
hybrid_aco_sa,150,0.5,18,650018,41,0,17,,15.6106
hybrid_ga_sa,150,0.5,18,650018,31,0,7,,620.3977
sa,150,0.5,18,650018,63,0,39,,3.093
aco,150,0.5,19,650019,97,0,71,,398.4074
dsatur,150,0.5,19,650019,26,0,0,,0.0082
ga,150,0.5,19,650019,80,0,54,,18.0084
gae,150,0.5,19,650019,74,0,48,,19.2958
hybrid_aco_sa,150,0.5,19,650019,41,0,15,,15.7295
hybrid_ga_sa,150,0.5,19,650019,30,0,4,,628.1677
sa,150,0.5,19,650019,67,0,41,,3.1098
aco,150,0.7,0,850000,108,0,70,,512.9454
dsatur,150,0.7,0,850000,38,0,0,,0.0093
ga,150,0.7,0,850000,85,0,47,,26.3413
gae,150,0.7,0,850000,90,0,52,,27.8799
hybrid_aco_sa,150,0.7,0,850000,51,0,13,,20.2557
hybrid_ga_sa,150,0.7,0,850000,41,0,3,,845.5396
sa,150,0.7,0,850000,76,0,38,,4.2708
aco,150,0.7,1,850001,106,0,70,,509.7418
dsatur,150,0.7,1,850001,36,0,0,,0.0093
ga,150,0.7,1,850001,91,0,55,,25.7739
gae,150,0.7,1,850001,86,0,50,,27.3047
hybrid_aco_sa,150,0.7,1,850001,50,0,14,,20.2586
hybrid_ga_sa,150,0.7,1,850001,40,0,4,,830.0498
sa,150,0.7,1,850001,74,0,38,,4.1938
aco,150,0.7,2,850002,108,0,71,,516.3648
dsatur,150,0.7,2,850002,37,0,0,,0.0094
ga,150,0.7,2,850002,87,0,50,,26.8537
gae,150,0.7,2,850002,88,0,51,,27.5722
hybrid_aco_sa,150,0.7,2,850002,52,0,15,,20.2605
hybrid_ga_sa,150,0.7,2,850002,40,0,3,,842.8108
sa,150,0.7,2,850002,76,0,39,,4.2785
aco,150,0.7,3,850003,108,0,70,,513.0128
dsatur,150,0.7,3,850003,38,0,0,,0.0093
ga,150,0.7,3,850003,91,0,53,,26.0329
gae,150,0.7,3,850003,85,0,47,,27.5504
hybrid_aco_sa,150,0.7,3,850003,52,0,14,,20.3082
hybrid_ga_sa,150,0.7,3,850003,38,0,0,,839.5875
sa,150,0.7,3,850003,75,0,37,,4.2352
aco,150,0.7,4,850004,108,0,71,,510.4903
dsatur,150,0.7,4,850004,37,0,0,,0.0093
ga,150,0.7,4,850004,88,0,51,,25.8703
gae,150,0.7,4,850004,87,0,50,,27.2656
hybrid_aco_sa,150,0.7,4,850004,52,0,15,,20.223
hybrid_ga_sa,150,0.7,4,850004,37,0,0,,836.7798
sa,150,0.7,4,850004,72,0,35,,4.2403
aco,150,0.7,5,850005,107,0,71,,511.5197
dsatur,150,0.7,5,850005,36,0,0,,0.0092
ga,150,0.7,5,850005,84,0,48,,26.2214
gae,150,0.7,5,850005,87,0,51,,27.5583
hybrid_aco_sa,150,0.7,5,850005,51,0,15,,20.4613
hybrid_ga_sa,150,0.7,5,850005,39,0,3,,839.631
sa,150,0.7,5,850005,71,0,35,,4.1688
aco,150,0.7,6,850006,108,0,71,,515.5611
dsatur,150,0.7,6,850006,37,0,0,,0.0092
ga,150,0.7,6,850006,92,0,55,,26.5142
gae,150,0.7,6,850006,87,0,50,,27.3546
hybrid_aco_sa,150,0.7,6,850006,51,0,14,,20.4712
hybrid_ga_sa,150,0.7,6,850006,39,0,2,,843.7669
sa,150,0.7,6,850006,70,0,33,,4.232
aco,150,0.7,7,850007,106,0,69,,513.1664
dsatur,150,0.7,7,850007,37,0,0,,0.0092
ga,150,0.7,7,850007,89,0,52,,26.4152
gae,150,0.7,7,850007,88,0,51,,27.4245
hybrid_aco_sa,150,0.7,7,850007,52,0,15,,20.3548
hybrid_ga_sa,150,0.7,7,850007,39,0,2,,843.8536
sa,150,0.7,7,850007,71,0,34,,4.2083
aco,150,0.7,8,850008,104,0,68,,515.3367
dsatur,150,0.7,8,850008,36,0,0,,0.0093
ga,150,0.7,8,850008,86,0,50,,26.5493
gae,150,0.7,8,850008,92,0,56,,27.9015
hybrid_aco_sa,150,0.7,8,850008,50,0,14,,18.762
hybrid_ga_sa,150,0.7,8,850008,40,0,4,,798.8118
sa,150,0.7,8,850008,72,0,36,,4.2438
aco,150,0.7,9,850009,106,0,69,,474.2287
dsatur,150,0.7,9,850009,37,0,0,,0.0086
ga,150,0.7,9,850009,83,0,46,,24.2408
gae,150,0.7,9,850009,88,0,51,,25.6038
hybrid_aco_sa,150,0.7,9,850009,51,0,14,,18.8098
hybrid_ga_sa,150,0.7,9,850009,39,0,2,,779.6102
sa,150,0.7,9,850009,74,0,37,,3.9614
aco,150,0.7,10,850010,107,0,69,,472.9517
dsatur,150,0.7,10,850010,38,0,0,,0.0085
ga,150,0.7,10,850010,90,0,52,,24.4736
gae,150,0.7,10,850010,88,0,50,,25.8795
hybrid_aco_sa,150,0.7,10,850010,51,0,13,,18.6233
hybrid_ga_sa,150,0.7,10,850010,38,0,0,,774.5668
sa,150,0.7,10,850010,76,0,38,,3.9128
aco,150,0.7,11,850011,107,0,71,,470.1976
dsatur,150,0.7,11,850011,36,0,0,,0.0087
ga,150,0.7,11,850011,91,0,55,,23.7112
gae,150,0.7,11,850011,88,0,52,,24.7039
hybrid_aco_sa,150,0.7,11,850011,51,0,15,,18.7635
hybrid_ga_sa,150,0.7,11,850011,38,0,2,,774.5536
sa,150,0.7,11,850011,73,0,37,,3.9245
aco,150,0.7,12,850012,108,0,70,,470.3676
dsatur,150,0.7,12,850012,38,0,0,,0.0084
ga,150,0.7,12,850012,87,0,49,,24.5982
gae,150,0.7,12,850012,84,0,46,,25.6889
hybrid_aco_sa,150,0.7,12,850012,52,0,14,,18.7195
hybrid_ga_sa,150,0.7,12,850012,39,0,1,,773.7637
sa,150,0.7,12,850012,74,0,36,,3.9261
aco,150,0.7,13,850013,106,0,70,,472.4382
dsatur,150,0.7,13,850013,36,0,0,,0.0084
ga,150,0.7,13,850013,86,0,50,,23.7694
gae,150,0.7,13,850013,93,0,57,,24.9765
hybrid_aco_sa,150,0.7,13,850013,53,0,17,,18.6826
hybrid_ga_sa,150,0.7,13,850013,39,0,3,,774.75
sa,150,0.7,13,850013,76,0,40,,3.94
aco,150,0.7,14,850014,107,0,69,,467.9745
dsatur,150,0.7,14,850014,38,0,0,,0.0085
ga,150,0.7,14,850014,88,0,50,,24.2827
gae,150,0.7,14,850014,88,0,50,,24.8788
hybrid_aco_sa,150,0.7,14,850014,51,0,13,,18.7184
hybrid_ga_sa,150,0.7,14,850014,39,0,1,,774.1327
sa,150,0.7,14,850014,75,0,37,,3.9176
aco,150,0.7,15,850015,108,0,72,,471.429
dsatur,150,0.7,15,850015,36,0,0,,0.0085
ga,150,0.7,15,850015,88,0,52,,23.9467
gae,150,0.7,15,850015,83,0,47,,25.259
hybrid_aco_sa,150,0.7,15,850015,50,0,14,,18.6566
hybrid_ga_sa,150,0.7,15,850015,39,0,3,,775.3607
sa,150,0.7,15,850015,76,0,40,,3.9689
aco,150,0.7,16,850016,105,0,66,,469.8663
dsatur,150,0.7,16,850016,39,0,0,,0.0085
ga,150,0.7,16,850016,85,0,46,,23.7323
gae,150,0.7,16,850016,86,0,47,,24.6786
hybrid_aco_sa,150,0.7,16,850016,50,0,11,,18.6906
hybrid_ga_sa,150,0.7,16,850016,38,0,-1,,775.8668
sa,150,0.7,16,850016,77,0,38,,3.9189
aco,150,0.7,17,850017,107,0,71,,472.2358
dsatur,150,0.7,17,850017,36,0,0,,0.0085
ga,150,0.7,17,850017,92,0,56,,24.3384
gae,150,0.7,17,850017,87,0,51,,25.4124
hybrid_aco_sa,150,0.7,17,850017,52,0,16,,18.7444
hybrid_ga_sa,150,0.7,17,850017,39,0,3,,777.8411
sa,150,0.7,17,850017,74,0,38,,3.9295
aco,150,0.7,18,850018,106,0,72,,471.4675
dsatur,150,0.7,18,850018,34,0,0,,0.0084
ga,150,0.7,18,850018,87,0,53,,24.0294
gae,150,0.7,18,850018,87,0,53,,25.0334
hybrid_aco_sa,150,0.7,18,850018,51,0,17,,18.5288
hybrid_ga_sa,150,0.7,18,850018,39,0,5,,770.1365
sa,150,0.7,18,850018,74,0,40,,3.8785
aco,150,0.7,19,850019,107,0,70,,471.9996
dsatur,150,0.7,19,850019,37,0,0,,0.0084
ga,150,0.7,19,850019,95,0,58,,24.087
gae,150,0.7,19,850019,90,0,53,,25.2339
hybrid_aco_sa,150,0.7,19,850019,51,0,14,,18.7262
hybrid_ga_sa,150,0.7,19,850019,39,0,2,,779.5647
sa,150,0.7,19,850019,70,0,33,,3.9662
aco,200,0.3,0,500000,121,0,102,,527.418
dsatur,200,0.3,0,500000,19,0,0,,0.0145
ga,200,0.3,0,500000,91,0,72,,21.5136
gae,200,0.3,0,500000,90,0,71,,22.4716
hybrid_aco_sa,200,0.3,0,500000,44,0,25,,20.6194
hybrid_ga_sa,200,0.3,0,500000,33,0,14,,783.4271
sa,200,0.3,0,500000,76,0,57,,3.9243
aco,200,0.3,1,500001,120,0,101,,531.0254
dsatur,200,0.3,1,500001,19,0,0,,0.0145
ga,200,0.3,1,500001,90,0,71,,21.3055
gae,200,0.3,1,500001,89,0,70,,22.544
hybrid_aco_sa,200,0.3,1,500001,47,0,28,,20.9291
hybrid_ga_sa,200,0.3,1,500001,35,0,16,,789.4375
sa,200,0.3,1,500001,75,0,56,,3.9138
aco,200,0.3,2,500002,122,0,104,,524.178
dsatur,200,0.3,2,500002,18,0,0,,0.0146
ga,200,0.3,2,500002,87,0,69,,21.3564
gae,200,0.3,2,500002,91,0,73,,22.7553
hybrid_aco_sa,200,0.3,2,500002,46,0,28,,20.7208
hybrid_ga_sa,200,0.3,2,500002,33,0,15,,781.7849
sa,200,0.3,2,500002,76,0,58,,3.9772
aco,200,0.3,3,500003,123,0,105,,523.1908
dsatur,200,0.3,3,500003,18,0,0,,0.0145
ga,200,0.3,3,500003,86,0,68,,21.1974
gae,200,0.3,3,500003,88,0,70,,22.1139
hybrid_aco_sa,200,0.3,3,500003,46,0,28,,20.6517
hybrid_ga_sa,200,0.3,3,500003,34,0,16,,782.912
sa,200,0.3,3,500003,77,0,59,,3.9339
aco,200,0.3,4,500004,122,0,102,,521.8594
dsatur,200,0.3,4,500004,20,0,0,,0.0145
ga,200,0.3,4,500004,90,0,70,,20.919
gae,200,0.3,4,500004,93,0,73,,22.0401
hybrid_aco_sa,200,0.3,4,500004,46,0,26,,20.4568
hybrid_ga_sa,200,0.3,4,500004,33,0,13,,780.2357
sa,200,0.3,4,500004,76,0,56,,3.868
aco,200,0.3,5,500005,122,0,103,,525.011
dsatur,200,0.3,5,500005,19,0,0,,0.0145
ga,200,0.3,5,500005,93,0,74,,21.1944
gae,200,0.3,5,500005,86,0,67,,22.1472
hybrid_aco_sa,200,0.3,5,500005,46,0,27,,20.6811
hybrid_ga_sa,200,0.3,5,500005,34,0,15,,786.1453
sa,200,0.3,5,500005,77,0,58,,3.9084
aco,200,0.3,6,500006,122,0,102,,525.8125
dsatur,200,0.3,6,500006,20,0,0,,0.0145
ga,200,0.3,6,500006,85,0,65,,21.6752
gae,200,0.3,6,500006,88,0,68,,22.5941
hybrid_aco_sa,200,0.3,6,500006,47,0,27,,20.6056
hybrid_ga_sa,200,0.3,6,500006,34,0,14,,787.6875
sa,200,0.3,6,500006,80,0,60,,3.9368
aco,200,0.3,7,500007,122,0,104,,526.1862
dsatur,200,0.3,7,500007,18,0,0,,0.0144
ga,200,0.3,7,500007,90,0,72,,21.0322
gae,200,0.3,7,500007,92,0,74,,22.4472
hybrid_aco_sa,200,0.3,7,500007,44,0,26,,20.577
hybrid_ga_sa,200,0.3,7,500007,33,0,15,,784.2706
sa,200,0.3,7,500007,76,0,58,,3.9337
aco,200,0.3,8,500008,123,0,104,,526.5045
dsatur,200,0.3,8,500008,19,0,0,,0.0145
ga,200,0.3,8,500008,90,0,71,,20.8249
gae,200,0.3,8,500008,89,0,70,,21.8322
hybrid_aco_sa,200,0.3,8,500008,46,0,27,,19.0733
hybrid_ga_sa,200,0.3,8,500008,34,0,15,,780.1885
sa,200,0.3,8,500008,71,0,52,,3.9439
aco,200,0.3,9,500009,121,0,101,,487.5523
dsatur,200,0.3,9,500009,20,0,0,,0.0134
ga,200,0.3,9,500009,89,0,69,,19.9781
gae,200,0.3,9,500009,88,0,68,,21.1479
hybrid_aco_sa,200,0.3,9,500009,44,0,24,,19.1529
hybrid_ga_sa,200,0.3,9,500009,34,0,14,,732.0757
sa,200,0.3,9,500009,74,0,54,,3.6358
aco,200,0.3,10,500010,121,0,102,,484.2666
dsatur,200,0.3,10,500010,19,0,0,,0.0134
ga,200,0.3,10,500010,89,0,70,,19.3569
gae,200,0.3,10,500010,90,0,71,,20.4454
hybrid_aco_sa,200,0.3,10,500010,45,0,26,,18.916
hybrid_ga_sa,200,0.3,10,500010,33,0,14,,722.401
sa,200,0.3,10,500010,75,0,56,,3.6308
aco,200,0.3,11,500011,122,0,103,,483.1356
dsatur,200,0.3,11,500011,19,0,0,,0.0134
ga,200,0.3,11,500011,91,0,72,,19.8212
gae,200,0.3,11,500011,86,0,67,,20.6287
hybrid_aco_sa,200,0.3,11,500011,46,0,27,,19.036
hybrid_ga_sa,200,0.3,11,500011,32,0,13,,723.8942
sa,200,0.3,11,500011,78,0,59,,3.6236
aco,200,0.3,12,500012,120,0,101,,488.4858
dsatur,200,0.3,12,500012,19,0,0,,0.0135
ga,200,0.3,12,500012,96,0,77,,20.0774
gae,200,0.3,12,500012,86,0,67,,21.2204
hybrid_aco_sa,200,0.3,12,500012,45,0,26,,19.2779
hybrid_ga_sa,200,0.3,12,500012,34,0,15,,734.0514
sa,200,0.3,12,500012,80,0,61,,3.6372
aco,200,0.3,13,500013,122,0,102,,488.6565
dsatur,200,0.3,13,500013,20,0,0,,0.0133
ga,200,0.3,13,500013,93,0,73,,20.372
gae,200,0.3,13,500013,88,0,68,,21.1449
hybrid_aco_sa,200,0.3,13,500013,45,0,25,,19.2492
hybrid_ga_sa,200,0.3,13,500013,34,0,14,,738.3076
sa,200,0.3,13,500013,74,0,54,,3.669
aco,200,0.3,14,500014,123,0,105,,482.7284
dsatur,200,0.3,14,500014,18,0,0,,0.0133
ga,200,0.3,14,500014,86,0,68,,19.6748
gae,200,0.3,14,500014,89,0,71,,20.5485
hybrid_aco_sa,200,0.3,14,500014,48,0,30,,18.9756
hybrid_ga_sa,200,0.3,14,500014,33,0,15,,720.4124
sa,200,0.3,14,500014,75,0,57,,3.5811
aco,200,0.3,15,500015,122,0,103,,485.5649
dsatur,200,0.3,15,500015,19,0,0,,0.0135
ga,200,0.3,15,500015,91,0,72,,19.5372
gae,200,0.3,15,500015,84,0,65,,20.5156
hybrid_aco_sa,200,0.3,15,500015,46,0,27,,18.9824
hybrid_ga_sa,200,0.3,15,500015,34,0,15,,725.6133
sa,200,0.3,15,500015,74,0,55,,3.6254
aco,200,0.3,16,500016,120,0,101,,486.2251
dsatur,200,0.3,16,500016,19,0,0,,0.0133
ga,200,0.3,16,500016,91,0,72,,19.4139
gae,200,0.3,16,500016,90,0,71,,20.13
hybrid_aco_sa,200,0.3,16,500016,46,0,27,,19.1203
hybrid_ga_sa,200,0.3,16,500016,33,0,14,,729.9036
sa,200,0.3,16,500016,78,0,59,,3.6226
aco,200,0.3,17,500017,122,0,102,,478.9513
dsatur,200,0.3,17,500017,20,0,0,,0.0132
ga,200,0.3,17,500017,89,0,69,,19.5202
gae,200,0.3,17,500017,88,0,68,,20.6692
hybrid_aco_sa,200,0.3,17,500017,45,0,25,,18.8905
hybrid_ga_sa,200,0.3,17,500017,32,0,12,,722.5867
sa,200,0.3,17,500017,80,0,60,,3.5576
aco,200,0.3,18,500018,122,0,102,,483.5065
dsatur,200,0.3,18,500018,20,0,0,,0.0133
ga,200,0.3,18,500018,91,0,71,,19.7132
gae,200,0.3,18,500018,90,0,70,,20.3244
hybrid_aco_sa,200,0.3,18,500018,45,0,25,,19.0282
hybrid_ga_sa,200,0.3,18,500018,33,0,13,,723.6675
sa,200,0.3,18,500018,77,0,57,,3.6558
aco,200,0.3,19,500019,121,0,102,,478.4594
dsatur,200,0.3,19,500019,19,0,0,,0.0133
ga,200,0.3,19,500019,90,0,71,,19.2191
gae,200,0.3,19,500019,91,0,72,,20.5951
hybrid_aco_sa,200,0.3,19,500019,44,0,25,,18.8075
hybrid_ga_sa,200,0.3,19,500019,33,0,14,,715.7511
sa,200,0.3,19,500019,79,0,60,,3.5801
aco,200,0.5,0,700000,133,0,102,,674.4066
dsatur,200,0.5,0,700000,31,0,0,,0.0154
ga,200,0.5,0,700000,113,0,82,,33.4711
gae,200,0.5,0,700000,107,0,76,,34.6263
hybrid_aco_sa,200,0.5,0,700000,55,0,24,,26.7203
hybrid_ga_sa,200,0.5,0,700000,41,0,10,,1077.6223
sa,200,0.5,0,700000,91,0,60,,5.4394
aco,200,0.5,1,700001,133,0,102,,683.7635
dsatur,200,0.5,1,700001,31,0,0,,0.0154
ga,200,0.5,1,700001,106,0,75,,34.4178
gae,200,0.5,1,700001,107,0,76,,34.6728
hybrid_aco_sa,200,0.5,1,700001,55,0,24,,26.9301
hybrid_ga_sa,200,0.5,1,700001,43,0,12,,1087.9859
sa,200,0.5,1,700001,84,0,53,,5.4627
aco,200,0.5,2,700002,130,0,99,,681.5679
dsatur,200,0.5,2,700002,31,0,0,,0.0151
ga,200,0.5,2,700002,110,0,79,,33.6164
gae,200,0.5,2,700002,108,0,77,,35.1402
hybrid_aco_sa,200,0.5,2,700002,56,0,25,,26.785
hybrid_ga_sa,200,0.5,2,700002,42,0,11,,1082.4142
sa,200,0.5,2,700002,86,0,55,,5.4775
aco,200,0.5,3,700003,134,0,102,,677.4879
dsatur,200,0.5,3,700003,32,0,0,,0.0153
ga,200,0.5,3,700003,113,0,81,,33.7796
gae,200,0.5,3,700003,110,0,78,,35.9306
hybrid_aco_sa,200,0.5,3,700003,58,0,26,,26.9366
hybrid_ga_sa,200,0.5,3,700003,43,0,11,,1093.1423
sa,200,0.5,3,700003,85,0,53,,5.5153
aco,200,0.5,4,700004,133,0,102,,680.8892
dsatur,200,0.5,4,700004,31,0,0,,0.0153
ga,200,0.5,4,700004,104,0,73,,34.1745
gae,200,0.5,4,700004,105,0,74,,35.7824
hybrid_aco_sa,200,0.5,4,700004,56,0,25,,26.8851
hybrid_ga_sa,200,0.5,4,700004,41,0,10,,1094.7196
sa,200,0.5,4,700004,85,0,54,,5.496
aco,200,0.5,5,700005,132,0,102,,678.7029
dsatur,200,0.5,5,700005,30,0,0,,0.0152
ga,200,0.5,5,700005,106,0,76,,33.6286
gae,200,0.5,5,700005,108,0,78,,35.3341
hybrid_aco_sa,200,0.5,5,700005,55,0,25,,26.7618
hybrid_ga_sa,200,0.5,5,700005,43,0,13,,1082.7637
sa,200,0.5,5,700005,82,0,52,,5.3617
aco,200,0.5,6,700006,132,0,101,,679.7213
dsatur,200,0.5,6,700006,31,0,0,,0.0152
ga,200,0.5,6,700006,107,0,76,,33.6933
gae,200,0.5,6,700006,107,0,76,,35.5581
hybrid_aco_sa,200,0.5,6,700006,55,0,24,,24.6064
hybrid_ga_sa,200,0.5,6,700006,42,0,11,,1029.4335
sa,200,0.5,6,700006,85,0,54,,5.4312
aco,200,0.5,7,700007,132,0,101,,634.1104
dsatur,200,0.5,7,700007,31,0,0,,0.0139
ga,200,0.5,7,700007,110,0,79,,31.5529
gae,200,0.5,7,700007,111,0,80,,33.2355
hybrid_aco_sa,200,0.5,7,700007,57,0,26,,24.8221
hybrid_ga_sa,200,0.5,7,700007,42,0,11,,1012.0951
sa,200,0.5,7,700007,89,0,58,,5.1824
aco,200,0.5,8,700008,132,0,102,,623.1441
dsatur,200,0.5,8,700008,30,0,0,,0.0139
ga,200,0.5,8,700008,110,0,80,,30.913
gae,200,0.5,8,700008,110,0,80,,32.6557
hybrid_aco_sa,200,0.5,8,700008,56,0,26,,24.6602
hybrid_ga_sa,200,0.5,8,700008,43,0,13,,994.2596
sa,200,0.5,8,700008,84,0,54,,4.9908
aco,200,0.5,9,700009,131,0,100,,628.3087
dsatur,200,0.5,9,700009,31,0,0,,0.014
ga,200,0.5,9,700009,112,0,81,,31.2662
gae,200,0.5,9,700009,107,0,76,,33.0474
hybrid_aco_sa,200,0.5,9,700009,55,0,24,,24.798
hybrid_ga_sa,200,0.5,9,700009,41,0,10,,1006.0806
sa,200,0.5,9,700009,85,0,54,,5.0024
aco,200,0.5,10,700010,131,0,102,,621.2664
dsatur,200,0.5,10,700010,29,0,0,,0.014
ga,200,0.5,10,700010,111,0,82,,30.2944
gae,200,0.5,10,700010,104,0,75,,31.8188
hybrid_aco_sa,200,0.5,10,700010,55,0,26,,24.3738
hybrid_ga_sa,200,0.5,10,700010,42,0,13,,987.1885
sa,200,0.5,10,700010,85,0,56,,4.9291
aco,200,0.5,11,700011,131,0,100,,625.9102
dsatur,200,0.5,11,700011,31,0,0,,0.0138
ga,200,0.5,11,700011,106,0,75,,30.2411
gae,200,0.5,11,700011,111,0,80,,32.5779
hybrid_aco_sa,200,0.5,11,700011,56,0,25,,24.5585
hybrid_ga_sa,200,0.5,11,700011,42,0,11,,998.5961
sa,200,0.5,11,700011,85,0,54,,5.0369
aco,200,0.5,12,700012,132,0,100,,626.132
dsatur,200,0.5,12,700012,32,0,0,,0.014
ga,200,0.5,12,700012,111,0,79,,31.2583
gae,200,0.5,12,700012,114,0,82,,33.0189
hybrid_aco_sa,200,0.5,12,700012,57,0,25,,24.8765
hybrid_ga_sa,200,0.5,12,700012,44,0,12,,1010.3985
sa,200,0.5,12,700012,88,0,56,,5.0913
aco,200,0.5,13,700013,132,0,101,,626.3101
dsatur,200,0.5,13,700013,31,0,0,,0.0139
ga,200,0.5,13,700013,104,0,73,,30.4815
gae,200,0.5,13,700013,106,0,75,,32.4522
hybrid_aco_sa,200,0.5,13,700013,57,0,26,,24.6972
hybrid_ga_sa,200,0.5,13,700013,41,0,10,,997.7939
sa,200,0.5,13,700013,82,0,51,,4.9261
aco,200,0.5,14,700014,132,0,100,,624.2088
dsatur,200,0.5,14,700014,32,0,0,,0.014
ga,200,0.5,14,700014,104,0,72,,30.5806
gae,200,0.5,14,700014,114,0,82,,32.7341
hybrid_aco_sa,200,0.5,14,700014,57,0,25,,24.6731
hybrid_ga_sa,200,0.5,14,700014,41,0,9,,997.5628
sa,200,0.5,14,700014,82,0,50,,5.0244
aco,200,0.5,15,700015,133,0,101,,624.0176
dsatur,200,0.5,15,700015,32,0,0,,0.0141
ga,200,0.5,15,700015,110,0,78,,31.3093
gae,200,0.5,15,700015,110,0,78,,32.2321
hybrid_aco_sa,200,0.5,15,700015,53,0,21,,24.5813
hybrid_ga_sa,200,0.5,15,700015,43,0,11,,992.9357
sa,200,0.5,15,700015,83,0,51,,5.007
aco,200,0.5,16,700016,132,0,101,,622.9326
dsatur,200,0.5,16,700016,31,0,0,,0.0141
ga,200,0.5,16,700016,109,0,78,,30.8611
gae,200,0.5,16,700016,108,0,77,,32.7045
hybrid_aco_sa,200,0.5,16,700016,56,0,25,,24.5693
hybrid_ga_sa,200,0.5,16,700016,42,0,11,,1001.5537
sa,200,0.5,16,700016,85,0,54,,5.0949
aco,200,0.5,17,700017,133,0,102,,627.6639
dsatur,200,0.5,17,700017,31,0,0,,0.014
ga,200,0.5,17,700017,113,0,82,,30.3954
gae,200,0.5,17,700017,110,0,79,,31.8929
hybrid_aco_sa,200,0.5,17,700017,56,0,25,,24.7447
hybrid_ga_sa,200,0.5,17,700017,42,0,11,,1005.506
sa,200,0.5,17,700017,87,0,56,,5.0087
aco,200,0.5,18,700018,132,0,101,,621.1643
dsatur,200,0.5,18,700018,31,0,0,,0.0139
ga,200,0.5,18,700018,112,0,81,,30.7871
gae,200,0.5,18,700018,109,0,78,,31.7827
hybrid_aco_sa,200,0.5,18,700018,56,0,25,,24.5186
hybrid_ga_sa,200,0.5,18,700018,42,0,11,,987.2597
sa,200,0.5,18,700018,86,0,55,,5.0124
aco,200,0.5,19,700019,132,0,103,,625.8027
dsatur,200,0.5,19,700019,29,0,0,,0.0138
ga,200,0.5,19,700019,105,0,76,,30.573
gae,200,0.5,19,700019,111,0,82,,32.2252
hybrid_aco_sa,200,0.5,19,700019,56,0,27,,24.5517
hybrid_ga_sa,200,0.5,19,700019,41,0,12,,990.4566
sa,200,0.5,19,700019,86,0,57,,5.0505
aco,200,0.7,0,900000,143,0,100,,810.8613
dsatur,200,0.7,0,900000,43,0,0,,0.0162
ga,200,0.7,0,900000,128,0,85,,44.6503
gae,200,0.7,0,900000,130,0,87,,46.9804
hybrid_aco_sa,200,0.7,0,900000,68,0,25,,32.0915
hybrid_ga_sa,200,0.7,0,900000,50,0,7,,1361.3969
sa,200,0.7,0,900000,99,0,56,,6.9476
aco,200,0.7,1,900001,147,0,100,,820.2713
dsatur,200,0.7,1,900001,47,0,0,,0.0165
ga,200,0.7,1,900001,131,0,84,,46.7549
gae,200,0.7,1,900001,138,0,91,,48.0118
hybrid_aco_sa,200,0.7,1,900001,68,0,21,,32.6348
hybrid_ga_sa,200,0.7,1,900001,50,0,3,,1378.9843
sa,200,0.7,1,900001,101,0,54,,7.0794
aco,200,0.7,2,900002,145,0,98,,817.1406
dsatur,200,0.7,2,900002,47,0,0,,0.0163
ga,200,0.7,2,900002,132,0,85,,46.0931
gae,200,0.7,2,900002,133,0,86,,48.9722
hybrid_aco_sa,200,0.7,2,900002,68,0,21,,32.4361
hybrid_ga_sa,200,0.7,2,900002,51,0,4,,1366.4919
sa,200,0.7,2,900002,95,0,48,,7.1249
aco,200,0.7,3,900003,146,0,99,,812.104
dsatur,200,0.7,3,900003,47,0,0,,0.0161
ga,200,0.7,3,900003,129,0,82,,45.6077
gae,200,0.7,3,900003,125,0,78,,48.383
hybrid_aco_sa,200,0.7,3,900003,67,0,20,,32.5277
hybrid_ga_sa,200,0.7,3,900003,52,0,5,,1384.3949
sa,200,0.7,3,900003,104,0,57,,6.9698
aco,200,0.7,4,900004,146,0,99,,819.159
dsatur,200,0.7,4,900004,47,0,0,,0.0162
ga,200,0.7,4,900004,128,0,81,,45.9063
gae,200,0.7,4,900004,133,0,86,,47.5281
hybrid_aco_sa,200,0.7,4,900004,67,0,20,,32.7961
hybrid_ga_sa,200,0.7,4,900004,51,0,4,,1379.9941
sa,200,0.7,4,900004,97,0,50,,6.9384
aco,200,0.7,5,900005,148,0,102,,806.2562
dsatur,200,0.7,5,900005,46,0,0,,0.0161
ga,200,0.7,5,900005,133,0,87,,45.3577
gae,200,0.7,5,900005,128,0,82,,48.0789
hybrid_aco_sa,200,0.7,5,900005,67,0,21,,30.154
hybrid_ga_sa,200,0.7,5,900005,51,0,5,,1288.6057
sa,200,0.7,5,900005,101,0,55,,6.4642
aco,200,0.7,6,900006,146,0,101,,761.6366
dsatur,200,0.7,6,900006,45,0,0,,0.015
ga,200,0.7,6,900006,130,0,85,,43.2644
gae,200,0.7,6,900006,134,0,89,,45.1034
hybrid_aco_sa,200,0.7,6,900006,68,0,23,,30.0569
hybrid_ga_sa,200,0.7,6,900006,52,0,7,,1287.0775
sa,200,0.7,6,900006,98,0,53,,6.5806
aco,200,0.7,7,900007,146,0,98,,755.8055
dsatur,200,0.7,7,900007,48,0,0,,0.0148
ga,200,0.7,7,900007,133,0,85,,42.3603
gae,200,0.7,7,900007,127,0,79,,43.4059
hybrid_aco_sa,200,0.7,7,900007,64,0,16,,30.0009
hybrid_ga_sa,200,0.7,7,900007,54,0,6,,1275.749
sa,200,0.7,7,900007,99,0,51,,6.4766
aco,200,0.7,8,900008,144,0,98,,752.4862
dsatur,200,0.7,8,900008,46,0,0,,0.0147
ga,200,0.7,8,900008,126,0,80,,42.0945
gae,200,0.7,8,900008,132,1,86,,43.5998
hybrid_aco_sa,200,0.7,8,900008,66,0,20,,29.8727
hybrid_ga_sa,200,0.7,8,900008,51,0,5,,1266.3186
sa,200,0.7,8,900008,97,0,51,,6.4213
aco,200,0.7,9,900009,145,0,98,,753.9932
dsatur,200,0.7,9,900009,47,0,0,,0.016
ga,200,0.7,9,900009,132,0,85,,42.0555
gae,200,0.7,9,900009,131,0,84,,44.2274
hybrid_aco_sa,200,0.7,9,900009,69,0,22,,30.0034
hybrid_ga_sa,200,0.7,9,900009,52,0,5,,1274.4013
sa,200,0.7,9,900009,98,0,51,,6.4
aco,200,0.7,10,900010,145,0,99,,754.45
dsatur,200,0.7,10,900010,46,0,0,,0.015
ga,200,0.7,10,900010,128,0,82,,41.1362
gae,200,0.7,10,900010,126,0,80,,43.0431
hybrid_aco_sa,200,0.7,10,900010,67,0,21,,29.9916
hybrid_ga_sa,200,0.7,10,900010,52,0,6,,1268.8855
sa,200,0.7,10,900010,96,0,50,,6.3844
aco,200,0.7,11,900011,145,0,99,,750.9196
dsatur,200,0.7,11,900011,46,0,0,,0.0149
ga,200,0.7,11,900011,128,0,82,,42.0436
gae,200,0.7,11,900011,127,0,81,,43.445
hybrid_aco_sa,200,0.7,11,900011,67,0,21,,29.9039
hybrid_ga_sa,200,0.7,11,900011,52,0,6,,1265.6992
sa,200,0.7,11,900011,104,0,58,,6.5023
aco,200,0.7,12,900012,141,0,95,,751.5938
dsatur,200,0.7,12,900012,46,0,0,,0.0148
ga,200,0.7,12,900012,132,0,86,,42.475
gae,200,0.7,12,900012,130,0,84,,44.3729
hybrid_aco_sa,200,0.7,12,900012,68,0,22,,30.1119
hybrid_ga_sa,200,0.7,12,900012,51,0,5,,1271.2574
sa,200,0.7,12,900012,96,0,50,,6.3257
aco,200,0.7,13,900013,147,0,99,,757.0077
dsatur,200,0.7,13,900013,48,0,0,,0.0147
ga,200,0.7,13,900013,128,0,80,,42.1612
gae,200,0.7,13,900013,135,0,87,,44.0376
hybrid_aco_sa,200,0.7,13,900013,67,0,19,,30.0952
hybrid_ga_sa,200,0.7,13,900013,53,0,5,,1272.0005
sa,200,0.7,13,900013,100,0,52,,6.4449
aco,200,0.7,14,900014,146,0,101,,753.1562
dsatur,200,0.7,14,900014,45,0,0,,0.0148
ga,200,0.7,14,900014,127,0,82,,42.0746
gae,200,0.7,14,900014,127,0,82,,43.0628
hybrid_aco_sa,200,0.7,14,900014,69,0,24,,29.9355
hybrid_ga_sa,200,0.7,14,900014,52,0,7,,1268.4022
sa,200,0.7,14,900014,95,0,50,,6.4519
aco,200,0.7,15,900015,146,0,97,,757.8464
dsatur,200,0.7,15,900015,49,0,0,,0.0148
ga,200,0.7,15,900015,132,0,83,,42.0186
gae,200,0.7,15,900015,138,0,89,,44.8735
hybrid_aco_sa,200,0.7,15,900015,69,0,20,,30.1264
hybrid_ga_sa,200,0.7,15,900015,52,0,3,,1272.6549
sa,200,0.7,15,900015,102,0,53,,6.4666
aco,200,0.7,16,900016,146,0,98,,752.3452
dsatur,200,0.7,16,900016,48,0,0,,0.015
ga,200,0.7,16,900016,137,0,89,,41.4516
gae,200,0.7,16,900016,133,0,85,,43.2302
hybrid_aco_sa,200,0.7,16,900016,70,0,22,,29.8726
hybrid_ga_sa,200,0.7,16,900016,51,0,3,,1270.438
sa,200,0.7,16,900016,102,0,54,,6.4228
aco,200,0.7,17,900017,146,0,99,,752.9392
dsatur,200,0.7,17,900017,47,0,0,,0.0148
ga,200,0.7,17,900017,134,0,87,,42.5547
gae,200,0.7,17,900017,131,0,84,,44.2388
hybrid_aco_sa,200,0.7,17,900017,67,0,20,,29.899
hybrid_ga_sa,200,0.7,17,900017,50,0,3,,1267.6745
sa,200,0.7,17,900017,100,0,53,,6.4143
aco,200,0.7,18,900018,145,0,96,,752.3179
dsatur,200,0.7,18,900018,49,0,0,,0.0151
ga,200,0.7,18,900018,132,0,83,,45.9068
gae,200,0.7,18,900018,130,0,81,,44.6319
hybrid_aco_sa,200,0.7,18,900018,67,0,18,,29.859
hybrid_ga_sa,200,0.7,18,900018,53,0,4,,1271.2195
sa,200,0.7,18,900018,99,0,50,,6.3866
aco,200,0.7,19,900019,148,0,101,,756.5339
dsatur,200,0.7,19,900019,47,0,0,,0.0149
ga,200,0.7,19,900019,130,0,83,,42.4599
gae,200,0.7,19,900019,128,0,81,,44.3198
hybrid_aco_sa,200,0.7,19,900019,68,0,21,,30.1053
hybrid_ga_sa,200,0.7,19,900019,52,0,5,,1281.5258
sa,200,0.7,19,900019,95,0,48,,6.4925
